1418.800000,-4.277180,-4.223672,0.493162
1418.801172,-4.310011,-4.243269,-0.615848
1418.802344,-4.340570,-4.278298,-0.241654
1418.803516,-4.360919,-4.308236,0.562379
1418.804688,-4.383327,-4.307830,-1.347651
1418.805859,-4.417944,-4.317877,-3.393541
1418.807031,-4.440545,-4.356003,-2.102130
1418.808203,-4.465858,-4.397206,-0.775594
1418.809375,-4.492779,-4.420965,-1.039991
1418.810547,-4.505438,-4.435406,-0.890978
1418.811719,-4.521851,-4.449396,-1.093526
1418.812891,-4.552357,-4.466514,-2.210541
1418.814062,-4.572730,-4.500728,-1.055673
1418.815234,-4.594356,-4.523203,-0.984653
1418.816406,-4.628022,-4.552497,-1.349960
1418.817578,-4.658814,-4.574728,-2.064146
1418.818750,-4.680321,-4.587605,-2.782620
1418.819922,-4.694927,-4.619009,-1.382820
1418.821094,-4.699950,-4.639190,-0.115010
1418.822266,-4.726756,-4.645976,-1.788488
1418.823437,-4.756930,-4.662954,-2.887424
1418.824609,-4.773648,-4.681303,-2.751806
1418.825781,-4.791661,-4.709685,-1.888211
1418.826953,-4.805493,-4.728539,-1.469281
1418.828125,-4.831987,-4.731045,-3.466145
1418.829297,-4.848197,-4.748337,-3.376385
1418.830469,-4.848243,-4.775814,-1.091348
1418.831641,-4.852148,-4.793039,0.023402
1418.832813,-4.873029,-4.813822,0.015176
1418.833984,-4.896360,-4.831594,-0.450515
1418.835156,-4.918422,-4.851281,-0.649191
1418.836328,-4.935601,-4.854558,-1.810526
1418.837500,-4.943532,-4.856133,-2.340221
1418.838672,-4.947949,-4.866015,-1.884714
1418.839844,-4.958926,-4.885963,-1.135975
1418.841016,-4.975257,-4.894333,-1.800497
1418.842187,-4.999883,-4.908397,-2.680323
1418.843359,-4.997576,-4.925361,-1.073445
1418.844531,-5.000296,-4.926770,-1.182977
1418.845703,-5.009832,-4.924654,-2.155159
1418.846875,-5.004848,-4.927469,-1.504824
1418.848047,-5.003453,-4.937357,-0.561807
1418.849219,-5.007670,-4.940367,-0.662762
1418.850391,-5.020758,-4.942352,-1.590427
1418.851562,-5.026659,-4.957052,-0.855456
1418.852734,-5.027055,-4.977532,0.827721
1418.853906,-5.023355,-4.978509,1.220852
1418.855078,-5.030681,-4.964611,-0.559608
1418.856250,-5.023936,-4.956635,-0.662586
1418.857422,-5.017995,-4.959644,0.086966
1418.858594,-5.015105,-4.949887,-0.488345
1418.859766,-5.013079,-4.944432,-0.775242
1418.860937,-5.016269,-4.944337,-1.049822
1418.862109,-5.021031,-4.928426,-2.773404
1418.863281,-5.015275,-4.918025,-3.159629
1418.864453,-5.015489,-4.927413,-2.396439
1418.865625,-5.005626,-4.925907,-1.700026
1418.866797,-4.980933,-4.902733,-1.573271
1418.867969,-4.964363,-4.890548,-1.207150
1418.869141,-4.954365,-4.893534,-0.120882
1418.870312,-4.955089,-4.883616,-1.011442
1418.871484,-4.951332,-4.863284,-2.394174
1418.872656,-4.931304,-4.859251,-1.059896
1418.873828,-4.912638,-4.852826,-0.035587
1418.875000,-4.891479,-4.832083,-0.000704
1418.876172,-4.878183,-4.812199,-0.552481
1418.877344,-4.867898,-4.804633,-0.324794
1418.878516,-4.855424,-4.797585,0.129812
1418.879688,-4.839969,-4.782006,0.119496
1418.880859,-4.815122,-4.770483,1.238294
1418.882031,-4.783659,-4.746964,1.906862
1418.883203,-4.772301,-4.719079,0.517136
1418.884375,-4.757912,-4.692665,-0.490787
1418.885547,-4.736328,-4.673597,-0.280057
1418.886719,-4.714017,-4.666986,1.037197
1418.887891,-4.693400,-4.649155,1.271330
1418.889062,-4.682664,-4.611850,-0.956433
1418.890234,-4.662470,-4.587106,-1.336544
1418.891406,-4.634399,-4.565473,-0.798601
1418.892578,-4.609962,-4.543074,-0.628077
1418.893750,-4.590812,-4.521566,-0.825236
1418.894922,-4.570387,-4.504483,-0.545685
1418.896094,-4.543828,-4.497344,1.083056
1418.897266,-4.515066,-4.483859,2.369606
1418.898438,-4.485445,-4.454463,2.388631
1418.899609,-4.466005,-4.421226,1.226461
1418.900781,-4.453151,-4.384186,-0.801746
1418.901953,-4.436159,-4.360979,-1.321169
1418.903125,-4.412250,-4.342452,-0.871446
1418.904297,-4.379934,-4.309543,-0.921000
1418.905469,-4.337304,-4.291285,1.122206
1418.906641,-4.303368,-4.265162,1.779646
1418.907812,-4.275100,-4.236774,1.769572
1418.908984,-4.246301,-4.201784,1.248521
1418.910156,-4.228302,-4.168025,-0.074430
1418.911328,-4.197195,-4.140527,0.228062
1418.912500,-4.164071,-4.103109,-0.131923
1418.913672,-4.138544,-4.069871,-0.777310
1418.914844,-4.105345,-4.037919,-0.673078
1418.916016,-4.075379,-4.006896,-0.761430
1418.917187,-4.050173,-3.972333,-1.543292
1418.918359,-4.032976,-3.946038,-2.301731
1418.919531,-3.995826,-3.923005,-1.124142
1418.920703,-3.953338,-3.891316,-0.220715
1418.921875,-3.931574,-3.876847,0.390865
1418.923047,-3.909902,-3.855104,0.384927
1418.924219,-3.885361,-3.829940,0.332602
1418.925391,-3.859587,-3.805957,0.482891
1418.926563,-3.830437,-3.769773,-0.106894
1418.927734,-3.814353,-3.727572,-2.288622
1418.928906,-3.793665,-3.686079,-4.017307
1418.930078,-3.748471,-3.655393,-2.812796
1418.931250,-3.706541,-3.635129,-1.006295
1418.932422,-3.666936,-3.594296,-1.109032
1418.933594,-3.623884,-3.562129,-0.198303
1418.934766,-3.599121,-3.533599,-0.513749
1418.935937,-3.580354,-3.501395,-1.636681
1418.937109,-3.557262,-3.478984,-1.579847
1418.938281,-3.525923,-3.459618,-0.579293
1418.939453,-3.496250,-3.429473,-0.618795
1418.940625,-3.483583,-3.389224,-2.919272
1418.941797,-3.453321,-3.368182,-2.151860
1418.942969,-3.407732,-3.348367,0.001892
1418.944141,-3.371010,-3.328984,1.458041
1418.945312,-3.332991,-3.292692,1.603426
1418.946484,-3.305702,-3.255342,0.757383
1418.947656,-3.284461,-3.225147,0.006246
1418.948828,-3.261892,-3.202197,-0.025690
1418.950000,-3.227237,-3.167836,-0.001012
1418.951172,-3.194953,-3.132338,-0.270335
1418.952344,-3.166409,-3.113888,0.575928
1418.953516,-3.137602,-3.089940,0.984169
1418.954687,-3.116404,-3.062888,0.492458
1418.955859,-3.075497,-3.020058,0.331150
1418.957031,-3.044264,-2.985579,0.058923
1418.958203,-3.021311,-2.961504,-0.035191
1418.959375,-2.990740,-2.934078,0.228567
1418.960547,-2.959058,-2.891504,-0.683745
1418.961719,-2.933368,-2.861794,-1.019976
1418.962891,-2.908762,-2.831293,-1.512236
1418.964062,-2.865680,-2.784109,-1.854515
1418.965234,-2.824587,-2.764296,-0.075683
1418.966406,-2.801100,-2.750454,0.733475
1418.967578,-2.794817,-2.724327,-0.929292
1418.968750,-2.781770,-2.683593,-3.236566
1418.969922,-2.738093,-2.645080,-2.807364
1418.971094,-2.701934,-2.623246,-1.614005
1418.972266,-2.678931,-2.601804,-1.483665
1418.973438,-2.659229,-2.575281,-2.052665
1418.974609,-2.632751,-2.548854,-2.048441
1418.975781,-2.597478,-2.516766,-1.782879
1418.976953,-2.567798,-2.495590,-1.072873
1418.978125,-2.546637,-2.471220,-1.340942
1418.979297,-2.518569,-2.447737,-0.957907
1418.980469,-2.489464,-2.425745,-0.362800
1418.981641,-2.460819,-2.402890,0.122312
1418.982812,-2.423673,-2.376974,1.065065
1418.983984,-2.400342,-2.333562,-0.619015
1418.985156,-2.386932,-2.301649,-2.163847
1418.986328,-2.351322,-2.276872,-1.260222
1418.987500,-2.313068,-2.256656,0.249528
1418.988672,-2.298268,-2.236789,-0.175209
1418.989844,-2.286989,-2.215680,-0.997827
1418.991016,-2.260157,-2.194553,-0.520589
1418.992188,-2.235543,-2.178097,0.162782
1418.993359,-2.205927,-2.146676,0.011481
1418.994531,-2.180776,-2.120578,-0.067919
1418.995703,-2.146839,-2.094718,0.609557
1418.996875,-2.111271,-2.060271,0.703650
1418.998047,-2.086082,-2.031778,0.426321
1418.999219,-2.062243,-2.004376,0.127502
1419.000391,-2.032410,-1.981977,0.751312
1419.001562,-2.005726,-1.965168,1.581607
1419.002734,-1.987580,-1.946629,1.548505
1419.003906,-1.962819,-1.921936,1.554246
1419.005078,-1.936467,-1.897213,1.691470
1419.006250,-1.915690,-1.870572,1.198000
1419.007422,-1.891833,-1.836856,0.369905
1419.008594,-1.874747,-1.799789,-1.302672
1419.009766,-1.861625,-1.787049,-1.270780
1419.010937,-1.838667,-1.773964,-0.445258
1419.012109,-1.811119,-1.750961,-0.064510
1419.013281,-1.767478,-1.725184,1.435563
1419.014453,-1.737225,-1.692756,1.252568
1419.015625,-1.720448,-1.666491,0.455463
1419.016797,-1.704510,-1.653421,0.696238
1419.017969,-1.689244,-1.643231,1.122690
1419.019141,-1.666509,-1.608839,0.144042
1419.020313,-1.644977,-1.580281,-0.444642
1419.021484,-1.628650,-1.569654,0.032838
1419.022656,-1.604948,-1.554778,0.773461
1419.023828,-1.574435,-1.520823,0.484496
1419.025000,-1.550839,-1.495886,0.371862
1419.026172,-1.536623,-1.482883,0.473719
1419.027344,-1.516112,-1.470063,1.119677
1419.028516,-1.476582,-1.448279,2.614691
1419.029687,-1.456040,-1.417722,1.770188
1419.030859,-1.445865,-1.393838,0.617497
1419.032031,-1.437699,-1.359791,-1.548923
1419.033203,-1.417316,-1.328532,-2.455473
1419.034375,-1.385225,-1.317226,-0.720982
1419.035547,-1.358481,-1.305169,0.509570
1419.036719,-1.338413,-1.288040,0.756415
1419.037891,-1.327561,-1.263669,-0.377361
1419.039062,-1.318888,-1.224717,-2.903678
1419.040234,-1.302271,-1.201269,-3.471138
1419.041406,-1.271445,-1.184542,-2.298872
1419.042578,-1.240604,-1.165139,-1.344967
1419.043750,-1.220245,-1.143822,-1.424940
1419.044922,-1.202379,-1.123048,-1.667650
1419.046094,-1.191794,-1.115316,-1.429580
1419.047266,-1.172459,-1.119598,0.547489
1419.048437,-1.139796,-1.097394,1.426435
1419.049609,-1.117031,-1.062565,0.412750
1419.050781,-1.107670,-1.036229,-1.008847
1419.051953,-1.110367,-1.023966,-2.257038
1419.053125,-1.089232,-1.011132,-1.564913
1419.054297,-1.050354,-0.995640,0.391943
1419.055469,-1.034612,-0.975708,0.040536
1419.056641,-1.015935,-0.952667,-0.325058
1419.057812,-0.983600,-0.922615,-0.133815
1419.058984,-0.968337,-0.906998,-0.163442
1419.060156,-0.961277,-0.896813,-0.425199
1419.061328,-0.943278,-0.880698,-0.267432
1419.062500,-0.925576,-0.864023,-0.181411
1419.063672,-0.894449,-0.846741,0.980254
1419.064844,-0.864620,-0.826751,1.808107
1419.066016,-0.848615,-0.799860,0.892253
1419.067188,-0.828266,-0.776052,0.601771
1419.068359,-0.810519,-0.758367,0.606962
1419.069531,-0.799628,-0.741311,0.089760
1419.070703,-0.791067,-0.721322,-0.867048
1419.071875,-0.784073,-0.710534,-1.184099
1419.073047,-0.774258,-0.703539,-0.948427
1419.074219,-0.752428,-0.689533,-0.293825
1419.075391,-0.732869,-0.662805,-0.893683
1419.076562,-0.713057,-0.648473,-0.435206
1419.077734,-0.683282,-0.637656,1.155308
1419.078906,-0.666656,-0.606532,-0.061651
1419.080078,-0.654483,-0.590117,-0.416995
1419.081250,-0.651206,-0.589719,-0.175891
1419.082422,-0.636583,-0.575914,-0.107333
1419.083594,-0.627735,-0.558849,-0.795235
1419.084766,-0.612538,-0.551157,-0.166961
1419.085938,-0.585317,-0.535931,0.839224
1419.087109,-0.564211,-0.512506,0.644529
1419.088281,-0.554064,-0.500100,0.454936
1419.089453,-0.531906,-0.493441,1.757871
1419.090625,-0.506240,-0.466447,1.646029
1419.091797,-0.488218,-0.442951,1.185419
1419.092969,-0.474879,-0.428045,1.053737
1419.094141,-0.460501,-0.400306,-0.067589
1419.095312,-0.440719,-0.378019,-0.277483
1419.096484,-0.427934,-0.363966,-0.383695
1419.097656,-0.418480,-0.354282,-0.402874
1419.098828,-0.407478,-0.343374,-0.395066
1419.100000,-0.402205,-0.320252,-1.886298
1419.101172,-0.389841,-0.312031,-1.540741
1419.102344,-0.370602,-0.305102,-0.511835
1419.103516,-0.353617,-0.288802,-0.454628
1419.104687,-0.344909,-0.278614,-0.578479
1419.105859,-0.336219,-0.268695,-0.681194
1419.107031,-0.314358,-0.262178,0.604652
1419.108203,-0.288635,-0.260377,2.618453
1419.109375,-0.273272,-0.240488,2.236605
1419.110547,-0.265688,-0.211107,0.403072
1419.111719,-0.261040,-0.200317,-0.111842
1419.112891,-0.249958,-0.197239,0.559410
1419.114063,-0.233111,-0.171667,-0.172305
1419.115234,-0.209735,-0.143545,-0.569615
1419.116406,-0.196847,-0.132953,-0.377471
1419.117578,-0.196491,-0.135286,-0.152334
1419.118750,-0.178333,-0.129466,0.882884
1419.119922,-0.157756,-0.111791,1.126803
1419.121094,-0.159366,-0.098977,-0.083887
1419.122266,-0.164043,-0.087470,-1.437455
1419.123437,-0.146084,-0.075387,-0.946580
1419.124609,-0.126791,-0.071094,0.309441
1419.125781,-0.118602,-0.048003,-0.938398
1419.126953,-0.102575,-0.037294,-0.493536
1419.128125,-0.082350,-0.034376,0.957841
1419.129297,-0.070695,-0.023399,1.014851
1419.130469,-0.069492,-0.011932,0.153258
1419.131641,-0.061687,0.000470,-0.232043
1419.132812,-0.051705,0.014947,-0.608260
1419.133984,-0.037127,0.031668,-0.787537
1419.135156,-0.020915,0.035470,0.251838
1419.136328,-0.007816,0.045793,0.484628
1419.137500,-0.003725,0.050440,0.438066
1419.138672,0.008501,0.057222,0.895135
1419.139844,0.024789,0.064728,1.633800
1419.141016,0.035925,0.078718,1.393553
1419.142187,0.052912,0.100689,0.974513
1419.143359,0.070506,0.119628,0.861439
1419.144531,0.083171,0.136496,0.508536
1419.145703,0.093645,0.136626,1.377739
1419.146875,0.101466,0.131738,2.448501
1419.148047,0.109834,0.142112,2.279340
1419.149219,0.109386,0.163495,0.442685
1419.150391,0.115967,0.189407,-1.175807
1419.151562,0.124068,0.199892,-1.374902
1419.152734,0.136147,0.204457,-0.747045
1419.153906,0.152024,0.208157,0.272865
1419.155078,0.155744,0.210866,0.357742
1419.156250,0.167802,0.213601,1.140704
1419.157422,0.173847,0.227024,0.520985
1419.158594,0.179296,0.234667,0.336803
1419.159766,0.185727,0.236363,0.734310
1419.160938,0.193180,0.252728,-0.013373
1419.162109,0.195990,0.273563,-1.520924
1419.163281,0.218303,0.284856,-0.600056
1419.164453,0.237639,0.295703,0.111007
1419.165625,0.234825,0.298342,-0.345864
1419.166797,0.245873,0.307668,-0.201668
1419.167969,0.254203,0.318185,-0.384795
1419.169141,0.262136,0.326740,-0.436900
1419.170312,0.281531,0.338351,0.215261
1419.171484,0.286331,0.345563,0.013021
1419.172656,0.282874,0.350976,-0.729648
1419.173828,0.289819,0.355415,-0.519951
1419.175000,0.304681,0.369475,-0.452780
1419.176172,0.311492,0.375922,-0.422384
1419.177344,0.316095,0.377055,-0.131769
1419.178516,0.331496,0.379070,0.991493
1419.179688,0.339413,0.392835,0.500376
1419.180859,0.346724,0.392704,1.125484
1419.182031,0.356058,0.390428,2.102900
1419.183203,0.364421,0.396939,2.259017
1419.184375,0.370638,0.408233,1.831179
1419.185547,0.372513,0.434322,-0.202834
1419.186719,0.378043,0.444788,-0.616068
1419.187891,0.378063,0.442988,-0.463799
1419.189062,0.392227,0.450027,0.133133
1419.190234,0.412285,0.464449,0.605928
1419.191406,0.410597,0.466905,0.258216
1419.192578,0.416879,0.463903,1.037703
1419.193750,0.436784,0.481244,1.253382
1419.194922,0.442209,0.493722,0.660695
1419.196094,0.436070,0.495005,0.037941
1419.197266,0.440064,0.495305,0.347756
1419.198437,0.451331,0.514934,-0.353079
1419.199609,0.445821,0.525446,-1.692174
1419.200781,0.446187,0.515305,-0.814525
1419.201953,0.466050,0.511401,1.178381
1419.203125,0.477498,0.526853,0.841864
1419.204297,0.480178,0.545692,-0.513001
1419.205469,0.490785,0.556854,-0.559498
1419.206641,0.497393,0.574253,-1.461517
1419.207813,0.501830,0.593961,-2.734034
1419.208984,0.498714,0.574691,-1.387703
1419.210156,0.495893,0.564248,-0.750828
1419.211328,0.487685,0.580208,-2.766564
1419.212500,0.492379,0.578814,-2.259875
1419.213672,0.522833,0.577301,0.412574
1419.214844,0.544124,0.589073,1.212186
1419.216016,0.543678,0.591507,0.970048
1419.217187,0.540021,0.588485,0.916755
1419.218359,0.546918,0.594233,1.013333
1419.219531,0.553305,0.597746,1.254944
1419.220703,0.543643,0.608143,-0.428234
1419.221875,0.551490,0.624375,-1.129487
1419.223047,0.556842,0.624346,-0.679588
1419.224219,0.542988,0.625727,-1.951929
1419.225391,0.551621,0.632069,-1.760819
1419.226562,0.569626,0.636174,-0.599660
1419.227734,0.570320,0.633082,-0.282674
1419.228906,0.575722,0.641880,-0.566998
1419.230078,0.591048,0.639631,0.906726
1419.231250,0.596949,0.633072,1.955141
1419.232422,0.592503,0.637461,1.211438
1419.233594,0.589948,0.641967,0.618179
1419.234766,0.591156,0.645882,0.390975
1419.235937,0.599091,0.661001,-0.211346
1419.237109,0.610370,0.669921,-0.013681
1419.238281,0.611303,0.675467,-0.400059
1419.239453,0.610805,0.679765,-0.801372
1419.240625,0.612906,0.669333,0.248187
1419.241797,0.615301,0.669265,0.454914
1419.242969,0.619854,0.688851,-0.804385
1419.244141,0.622596,0.691684,-0.812105
1419.245312,0.633886,0.688305,0.416753
1419.246484,0.636139,0.704311,-0.735542
1419.247656,0.624796,0.719163,-2.919932
1419.248828,0.628416,0.719880,-2.678476
1419.250000,0.636900,0.719198,-1.915110
1419.251172,0.644912,0.707321,-0.253091
1419.252344,0.652373,0.699772,1.006273
1419.253516,0.658664,0.697888,1.693911
1419.254688,0.658814,0.706375,0.992659
1419.255859,0.650535,0.720750,-0.906286
1419.257031,0.655010,0.724567,-0.851344
1419.258203,0.665236,0.723621,0.084085
1419.259375,0.669168,0.713369,1.275069
1419.260547,0.677986,0.715677,1.823041
1419.261719,0.689299,0.726958,1.825725
1419.262891,0.690818,0.725561,2.071448
1419.264062,0.681405,0.727305,1.132236
1419.265234,0.673139,0.736149,-0.303481
1419.266406,0.681923,0.743152,-0.154314
1419.267578,0.694697,0.744238,0.826182
1419.268750,0.696720,0.739129,1.425841
1419.269922,0.699484,0.746935,1.001896
1419.271094,0.699613,0.752512,0.544233
1419.272266,0.700576,0.750439,0.799260
1419.273438,0.701842,0.744968,1.365554
1419.274609,0.710874,0.738706,2.654436
1419.275781,0.716438,0.744908,2.600593
1419.276953,0.711860,0.771559,-0.026042
1419.278125,0.710212,0.781122,-0.964483
1419.279297,0.711646,0.775689,-0.389964
1419.280469,0.710821,0.755976,1.194877
1419.281641,0.706960,0.743734,1.900286
1419.282812,0.702218,0.748180,1.126957
1419.283984,0.694646,0.756739,-0.226588
1419.285156,0.701171,0.766177,-0.470618
1419.286328,0.709425,0.768226,0.049224
1419.287500,0.707979,0.764174,0.267674
1419.288672,0.702469,0.755493,0.533786
1419.289844,0.698951,0.766098,-0.649741
1419.291016,0.697156,0.786259,-2.481954
1419.292187,0.709956,0.793502,-2.019145
1419.293359,0.723206,0.794958,-1.034800
1419.294531,0.730390,0.790093,-0.026437
1419.295703,0.737190,0.781937,1.229232
1419.296875,0.740801,0.792512,0.644001
1419.298047,0.733525,0.800928,-0.671142
1419.299219,0.727600,0.802779,-1.321081
1419.300391,0.729183,0.804134,-1.302034
1419.301563,0.728352,0.805995,-1.526840
1419.302734,0.735066,0.794849,-0.033036
1419.303906,0.737803,0.784622,1.054947
1419.305078,0.725276,0.787858,-0.267652
1419.306250,0.713145,0.792506,-1.670113
1419.307422,0.734989,0.792413,0.164629
1419.308594,0.741698,0.778164,1.926284
1419.309766,0.724581,0.778625,0.448183
1419.310937,0.719369,0.791856,-1.096231
1419.312109,0.724092,0.796195,-1.064119
1419.313281,0.725208,0.791645,-0.590334
1419.314453,0.738506,0.790963,0.581360
1419.315625,0.741860,0.791436,0.823344
1419.316797,0.722424,0.794713,-1.079713
1419.317969,0.715006,0.795079,-1.729608
1419.319141,0.725552,0.792575,-0.639382
1419.320312,0.727338,0.786211,0.043197
1419.321484,0.728540,0.775107,1.076150
1419.322656,0.734004,0.787739,0.474093
1419.323828,0.728833,0.801551,-1.115520
1419.325000,0.725894,0.802988,-1.480938
1419.326172,0.740162,0.800310,-0.063696
1419.327344,0.731900,0.795679,-0.367793
1419.328516,0.719162,0.781663,-0.260812
1419.329687,0.731286,0.771375,1.621087
1419.330859,0.726261,0.761399,2.038170
1419.332031,0.721911,0.764588,1.403319
1419.333203,0.730279,0.776294,1.122624
1419.334375,0.733812,0.784239,0.751796
1419.335547,0.728865,0.786145,0.176770
1419.336719,0.719185,0.796951,-1.537068
1419.337891,0.713257,0.792802,-1.685575
1419.339062,0.718165,0.782303,-0.397904
1419.340234,0.718700,0.777574,0.043087
1419.341406,0.719688,0.772080,0.586793
1419.342578,0.734874,0.777971,1.367908
1419.343750,0.733029,0.776895,1.303288
1419.344922,0.722654,0.773551,0.712316
1419.346094,0.720816,0.778327,0.157393
1419.347266,0.729716,0.772651,1.381588
1419.348438,0.734272,0.774982,1.568828
1419.349609,0.722306,0.777057,0.388908
1419.350781,0.721549,0.768658,1.030665
1419.351953,0.721622,0.761242,1.660589
1419.353125,0.706851,0.768253,-0.168764
1419.354297,0.698640,0.759465,-0.120420
1419.355469,0.694746,0.750358,0.316590
1419.356641,0.698472,0.758039,-0.014934
1419.357812,0.703622,0.753609,0.788769
1419.358984,0.711046,0.761674,0.734948
1419.360156,0.718046,0.759318,1.521562
1419.361328,0.711884,0.749236,1.851546
1419.362500,0.702208,0.754875,0.563743
1419.363672,0.696542,0.760872,-0.414026
1419.364844,0.701070,0.758028,0.203758
1419.366016,0.702164,0.753526,0.673254
1419.367188,0.700230,0.752526,0.594909
1419.368359,0.704460,0.750124,1.152119
1419.369531,0.702404,0.743748,1.515469
1419.370703,0.702489,0.735660,2.203921
1419.371875,0.692284,0.736727,1.254680
1419.373047,0.677931,0.735584,0.145472
1419.374219,0.672819,0.738410,-0.519578
1419.375391,0.679002,0.740894,-0.209762
1419.376562,0.682734,0.732183,0.833924
1419.377734,0.680284,0.725850,1.160257
1419.378906,0.673018,0.723866,0.716473
1419.380078,0.676443,0.720959,1.248631
1419.381250,0.684386,0.724018,1.659622
1419.382422,0.677189,0.727094,0.795653
1419.383594,0.659324,0.725392,-0.559454
1419.384766,0.647146,0.721281,-1.233917
1419.385937,0.662165,0.717965,0.300820
1419.387109,0.670472,0.716000,1.163534
1419.388281,0.670195,0.717019,1.054595
1419.389453,0.653891,0.713179,0.008424
1419.390625,0.653604,0.719103,-0.511813
1419.391797,0.659451,0.726268,-0.622116
1419.392969,0.654977,0.716553,-0.183325
1419.394141,0.653947,0.716146,-0.235540
1419.395313,0.653253,0.719601,-0.582922
1419.396484,0.643420,0.717019,-1.189180
1419.397656,0.630269,0.695607,-0.498331
1419.398828,0.634972,0.691366,0.251024
1419.400000,0.637869,0.701995,-0.396936
1419.401172,0.629617,0.698356,-0.782830
1419.402344,0.625482,0.692261,-0.618883
1419.403516,0.634891,0.698492,-0.352947
1419.404687,0.642718,0.700406,0.142547
1419.405859,0.630668,0.691992,-0.162210
1419.407031,0.617611,0.692720,-1.315231
1419.408203,0.621651,0.687727,-0.560070
1419.409375,0.625797,0.691491,-0.528199
1419.410547,0.628979,0.694835,-0.541704
1419.411719,0.622496,0.683743,-0.155787
1419.412891,0.621596,0.680515,0.039326
1419.414062,0.615554,0.680660,-0.478998
1419.415234,0.607696,0.675514,-0.705849
1419.416406,0.617799,0.672946,0.355564
1419.417578,0.627083,0.680325,0.515443
1419.418750,0.620797,0.679505,0.056988
1419.419922,0.610452,0.669170,0.056240
1419.421094,0.609307,0.661750,0.582570
1419.422266,0.614304,0.665981,0.646926
1419.423437,0.610633,0.672686,-0.223245
1419.424609,0.605846,0.659134,0.511681
1419.425781,0.600580,0.648362,0.974007
1419.426953,0.598977,0.646643,0.983773
1419.428125,0.601356,0.647311,1.127595
1419.429297,0.590615,0.661810,-0.988282
1419.430469,0.585434,0.665116,-1.696946
1419.431641,0.585028,0.645504,-0.091101
1419.432812,0.575875,0.642092,-0.571903
1419.433984,0.583899,0.654744,-0.959007
1419.435156,0.594163,0.651912,0.137356
1419.436328,0.594432,0.647486,0.531279
1419.437500,0.585846,0.636176,0.759956
1419.438672,0.578020,0.631073,0.531301
1419.439844,0.570225,0.632924,-0.277439
1419.441016,0.554671,0.628473,-1.206072
1419.442188,0.555983,0.624455,-0.760550
1419.443359,0.560515,0.627427,-0.630056
1419.444531,0.563560,0.628475,-0.462964
1419.445703,0.568640,0.607793,1.699916
1419.446875,0.565210,0.605728,1.584928
1419.448047,0.552226,0.612060,-0.037325
1419.449219,0.537609,0.609516,-1.047733
1419.450391,0.546457,0.607671,-0.152972
1419.451562,0.567052,0.611591,1.246652
1419.452734,0.571019,0.622469,0.665929
1419.453906,0.564576,0.618422,0.464767
1419.455078,0.563431,0.613210,0.806211
1419.456250,0.556601,0.609925,0.508646
1419.457422,0.543348,0.609990,-0.607468
1419.458594,0.543333,0.611405,-0.727074
1419.459766,0.540892,0.605175,-0.410023
1419.460938,0.525943,0.594265,-0.748079
1419.462109,0.516675,0.595101,-1.592186
1419.463281,0.520251,0.597142,-1.464002
1419.464453,0.526248,0.592869,-0.605774
1419.465625,0.525141,0.590830,-0.527716
1419.466797,0.523540,0.588623,-0.476952
1419.467969,0.527807,0.585881,0.110149
1419.469141,0.521529,0.586917,-0.502532
1419.470312,0.516800,0.582696,-0.544981
1419.471484,0.514378,0.573642,0.010403
1419.472656,0.511424,0.577543,-0.563633
1419.473828,0.513960,0.576271,-0.244953
1419.475000,0.518079,0.562180,1.283537
1419.476172,0.518032,0.560170,1.448628
1419.477344,0.500360,0.570154,-0.871095
1419.478516,0.501267,0.573384,-1.065241
1419.479687,0.505982,0.556908,0.709874
1419.480859,0.513160,0.550141,1.882800
1419.482031,0.516321,0.563398,1.033283
1419.483203,0.513051,0.565619,0.572057
1419.484375,0.506465,0.557319,0.715901
1419.485547,0.515209,0.560651,1.170771
1419.486719,0.520514,0.567399,1.049427
1419.487891,0.511999,0.564352,0.590092
1419.489063,0.509146,0.546971,1.811758
1419.490234,0.502314,0.539195,1.891268
1419.491406,0.493845,0.546168,0.592643
1419.492578,0.491172,0.546696,0.323958
1419.493750,0.486924,0.543181,0.262483
1419.494922,0.489800,0.540294,0.746188
1419.496094,0.489232,0.540734,0.661596
1419.497266,0.479908,0.538911,0.032288
1419.498437,0.478112,0.526244,0.944556
1419.499609,0.485457,0.526657,1.527632
1419.500781,0.487477,0.544466,0.201052
1419.501953,0.466519,0.536428,-0.880772
1419.503125,0.451423,0.524288,-1.127837
1419.504297,0.453136,0.526691,-1.185485
1419.505469,0.446751,0.533610,-2.295132
1419.506641,0.436740,0.535900,-3.318144
1419.507812,0.449339,0.526937,-1.523035
1419.508984,0.466473,0.517085,0.736224
1419.510156,0.473253,0.517577,1.264775
1419.511328,0.467254,0.525253,0.116461
1419.512500,0.456033,0.522543,-0.596427
1419.513672,0.457247,0.521141,-0.377537
1419.514844,0.457320,0.523728,-0.587893
1419.516016,0.455770,0.509726,0.455529
1419.517187,0.456878,0.495205,1.769550
1419.518359,0.459383,0.500418,1.541445
1419.519531,0.459573,0.512737,0.522063
1419.520703,0.455868,0.510605,0.389964
1419.521875,0.445184,0.498833,0.481351
1419.523047,0.431635,0.501004,-0.835573
1419.524219,0.428385,0.503768,-1.338083
1419.525391,0.437040,0.497327,-0.075353
1419.526562,0.442890,0.492706,0.803131
1419.527734,0.442882,0.494356,0.663928
1419.528906,0.431550,0.489178,0.147518
1419.530078,0.416051,0.484768,-0.781049
1419.531250,0.423356,0.489557,-0.570583
1419.532422,0.438436,0.497968,-0.012097
1419.533594,0.443461,0.488935,1.168087
1419.534766,0.444694,0.476979,2.278724
1419.535938,0.444673,0.488068,1.342922
1419.537109,0.434927,0.494234,0.006752
1419.538281,0.421192,0.494438,-1.159619
1419.539453,0.420555,0.492489,-1.050020
1419.540625,0.427480,0.491717,-0.406196
1419.541797,0.435141,0.485955,0.719332
1419.542969,0.441056,0.491277,0.769150
1419.544141,0.443113,0.500382,0.177694
1419.545312,0.434849,0.497329,-0.259030
1419.546484,0.427641,0.485630,0.117275
1419.547656,0.429103,0.478481,0.839950
1419.548828,0.425704,0.474271,0.908045
1419.550000,0.416461,0.466155,0.813359
1419.551172,0.424700,0.469893,1.191621
1419.552344,0.429951,0.482981,0.533258
1419.553516,0.416290,0.477486,-0.151587
1419.554688,0.413200,0.474602,-0.168742
1419.555859,0.413020,0.468467,0.330424
1419.557031,0.417625,0.463245,1.155770
1419.558203,0.429938,0.475198,1.186079
1419.559375,0.436334,0.470566,2.114557
1419.560547,0.427429,0.466816,1.680165
1419.561719,0.422749,0.471584,0.885567
1419.562891,0.415437,0.466680,0.683305
1419.564062,0.409784,0.462259,0.579909
1419.565234,0.416752,0.465471,0.895311
1419.566406,0.421589,0.473970,0.587805
1419.567578,0.414677,0.478957,-0.409803
1419.568750,0.402232,0.478836,-1.440072
1419.569922,0.387102,0.476409,-2.498956
1419.571094,0.383753,0.472737,-2.472101
1419.572266,0.396821,0.478814,-1.889663
1419.573437,0.393672,0.490819,-3.150985
1419.574609,0.400771,0.488916,-2.402202
1419.575781,0.411379,0.493926,-1.935851
1419.576953,0.404075,0.493400,-2.500540
1419.578125,0.399807,0.480258,-1.761016
1419.579297,0.406500,0.463855,0.170436
1419.580469,0.397564,0.463579,-0.555011
1419.581641,0.386601,0.467344,-1.785452
1419.582813,0.397725,0.466061,-0.749157
1419.583984,0.405205,0.471613,-0.587959
1419.585156,0.398303,0.458789,-0.091959
1419.586328,0.393361,0.448830,0.328555
1419.587500,0.394095,0.460998,-0.629308
1419.588672,0.397208,0.467447,-0.908353
1419.589844,0.399629,0.475181,-1.352248
1419.591016,0.415365,0.472823,0.161792
1419.592187,0.412999,0.460613,0.988128
1419.593359,0.401507,0.455337,0.466131
1419.594531,0.397735,0.455621,0.125875
1419.595703,0.402140,0.454624,0.579073
1419.596875,0.418655,0.462911,1.270450
1419.598047,0.415691,0.477332,-0.188801
1419.599219,0.408316,0.476693,-0.752610
1419.600391,0.414249,0.467154,0.543728
1419.601562,0.415144,0.477644,-0.260746
1419.602734,0.405307,0.491079,-2.204603
1419.603906,0.410234,0.483753,-1.182450
1419.605078,0.424678,0.468122,1.338765
1419.606250,0.417710,0.481392,-0.359677
1419.607422,0.411216,0.475388,-0.400785
1419.608594,0.409394,0.456661,1.017336
1419.609766,0.402967,0.458531,0.320637
1419.610937,0.414685,0.463961,0.848484
1419.612109,0.428067,0.480785,0.559476
1419.613281,0.421901,0.483407,-0.177496
1419.614453,0.423578,0.476088,0.576961
1419.615625,0.432553,0.484015,0.664896
1419.616797,0.425314,0.486498,-0.150509
1419.617969,0.413547,0.481225,-0.694170
1419.619141,0.409176,0.484642,-1.345099
1419.620312,0.413834,0.486863,-1.141474
1419.621484,0.425921,0.490427,-0.428740
1419.622656,0.422547,0.501561,-1.641146
1419.623828,0.418535,0.490995,-1.093943
1419.625000,0.422408,0.489966,-0.684119
1419.626172,0.430037,0.484184,0.439517
1419.627344,0.444428,0.469913,2.852629
1419.628516,0.456578,0.470451,3.834840
1419.629688,0.443951,0.475453,2.344730
1419.630859,0.432317,0.484747,0.583670
1419.632031,0.425672,0.492508,-0.623722
1419.633203,0.415923,0.499013,-1.981160
1419.634375,0.416560,0.496827,-1.745708
1419.635547,0.442498,0.507638,-0.481703
1419.636719,0.445260,0.510955,-0.528155
1419.637891,0.429231,0.503159,-1.216585
1419.639062,0.443420,0.505528,-0.227908
1419.640234,0.456594,0.500122,1.331705
1419.641406,0.451938,0.491783,1.641608
1419.642578,0.449463,0.487382,1.803884
1419.643750,0.446594,0.498293,0.644991
1419.644922,0.440884,0.514141,-1.160521
1419.646094,0.439756,0.517455,-1.531503
1419.647266,0.437233,0.508129,-0.963230
1419.648438,0.433544,0.499955,-0.588157
1419.649609,0.437427,0.504052,-0.606104
1419.650781,0.452960,0.511426,0.077289
1419.651953,0.450414,0.524226,-1.206930
1419.653125,0.441253,0.541353,-3.396268
1419.654297,0.445855,0.541923,-3.061313
1419.655469,0.448561,0.528354,-1.706184
1419.656641,0.453499,0.526076,-1.103665
1419.657812,0.461765,0.522825,-0.140127
1419.658984,0.470685,0.517261,1.075336
1419.660156,0.472329,0.528038,0.308540
1419.661328,0.470754,0.532396,-0.188867
1419.662500,0.472230,0.530245,0.115120
1419.663672,0.484495,0.530178,1.150491
1419.664844,0.497168,0.540410,1.355767
1419.666016,0.496048,0.530902,2.062122
1419.667187,0.483996,0.532639,0.901689
1419.668359,0.481675,0.542632,-0.131505
1419.669531,0.487996,0.548894,-0.126513
1419.670703,0.484514,0.534661,0.775418
1419.671875,0.481461,0.525924,1.253030
1419.673047,0.486546,0.531347,1.224657
1419.674219,0.486927,0.543878,0.204329
1419.675391,0.476375,0.557982,-1.857463
1419.676563,0.463123,0.548916,-2.206318
1419.677734,0.470243,0.538353,-0.730329
1419.678906,0.494857,0.536261,1.510432
1419.680078,0.510048,0.539628,2.506918
1419.681250,0.511395,0.545116,2.157578
1419.682422,0.514438,0.549208,2.069182
1419.683594,0.511419,0.545875,2.095620
1419.684766,0.504029,0.549723,1.149546
1419.685937,0.501652,0.567941,-0.577973
1419.687109,0.501557,0.569390,-0.707147
1419.688281,0.499522,0.563167,-0.356620
1419.689453,0.509367,0.565442,0.277835
1419.690625,0.517718,0.571807,0.444334
1419.691797,0.516607,0.574661,0.111754
1419.692969,0.514917,0.574973,-0.055976
1419.694141,0.523931,0.575196,0.681458
1419.695312,0.526001,0.577038,0.700659
1419.696484,0.518286,0.585546,-0.659155
1419.697656,0.516685,0.592690,-1.390056
1419.698828,0.527506,0.592449,-0.465273
1419.700000,0.528635,0.581915,0.512319
1419.701172,0.528804,0.583797,0.368607
1419.702344,0.533377,0.596622,-0.323144
1419.703516,0.534370,0.604819,-0.925839
1419.704687,0.532198,0.606526,-1.250039
1419.705859,0.535062,0.604037,-0.802648
1419.707031,0.540713,0.602777,-0.224235
1419.708203,0.547720,0.609245,-0.179080
1419.709375,0.546656,0.590272,1.324249
1419.710547,0.552698,0.582770,2.465392
1419.711719,0.558334,0.601015,1.402945
1419.712891,0.559604,0.610408,0.720190
1419.714062,0.556336,0.608176,0.633179
1419.715234,0.560349,0.617180,0.214381
1419.716406,0.563408,0.628137,-0.447281
1419.717578,0.562125,0.619340,0.182181
1419.718750,0.570224,0.612925,1.401208
1419.719922,0.574761,0.621213,1.085739
1419.721094,0.577763,0.637833,-0.057098
1419.722266,0.578622,0.640954,-0.246647
1419.723438,0.576619,0.640358,-0.364538
1419.724609,0.582029,0.638635,0.233208
1419.725781,0.592083,0.641538,0.833550
1419.726953,0.581018,0.650720,-0.863441
1419.728125,0.583312,0.648394,-0.476908
1419.729297,0.605010,0.643548,1.751735
1419.730469,0.605556,0.654171,0.904020
1419.731641,0.601705,0.662281,-0.099525
1419.732812,0.602657,0.653663,0.703232
1419.733984,0.604209,0.660977,0.219638
1419.735156,0.608166,0.663794,0.315314
1419.736328,0.606511,0.662821,0.257996
1419.737500,0.604215,0.673609,-0.837707
1419.738672,0.618968,0.684188,-0.488477
1419.739844,0.629029,0.683702,0.395418
1419.741016,0.629492,0.680129,0.734156
1419.742188,0.628171,0.682290,0.441827
1419.743359,0.638456,0.680638,1.444955
1419.744531,0.643038,0.685318,1.436707
1419.745703,0.631270,0.701697,-0.923970
1419.746875,0.633669,0.700106,-0.590268
1419.748047,0.632185,0.696811,-0.438682
1419.749219,0.629886,0.696899,-0.638568
1419.750391,0.636938,0.695347,0.081996
1419.751562,0.655671,0.696052,1.596475
1419.752734,0.663848,0.705753,1.468269
1419.753906,0.654607,0.720444,-0.540054
1419.755078,0.654258,0.724138,-0.878287
1419.756250,0.667326,0.724484,0.186888
1419.757422,0.670380,0.725588,0.350549
1419.758594,0.673208,0.722801,0.821871
1419.759766,0.679879,0.730155,0.764531
1419.760937,0.666627,0.725721,0.024612
1419.762109,0.640530,0.720837,-1.749074
1419.763281,0.652200,0.734437,-1.910008
1419.764453,0.670024,0.745598,-1.354139
1419.765625,0.672376,0.733659,-0.158757
1419.766797,0.657543,0.718930,-0.167533
1419.767969,0.669697,0.732535,-0.289097
1419.769141,0.679141,0.754558,-1.341030
1419.770313,0.673060,0.766624,-2.853157
1419.771484,0.669419,0.761850,-2.758910
1419.772656,0.672098,0.753467,-1.837668
1419.773828,0.687211,0.752412,-0.486916
1419.775000,0.707101,0.750821,1.315495
1419.776172,0.708783,0.764303,0.324376
1419.777344,0.705734,0.772841,-0.646376
1419.778516,0.717489,0.765635,0.943435
1419.779687,0.717043,0.761150,1.282987
1419.780859,0.714161,0.764384,0.768974
1419.782031,0.726520,0.765324,1.729278
1419.783203,0.738563,0.777407,1.725913
1419.784375,0.732520,0.784454,0.625327
1419.785547,0.724041,0.784893,-0.122642
1419.786719,0.731356,0.800546,-0.820639
1419.787891,0.737371,0.803594,-0.572430
1419.789062,0.733956,0.792426,0.076937
1419.790234,0.723441,0.798033,-1.272033
1419.791406,0.729284,0.797946,-0.776518
1419.792578,0.743279,0.790972,0.981507
1419.793750,0.751292,0.792062,1.563725
1419.794922,0.759879,0.800473,1.578550
1419.796094,0.764036,0.810834,1.056685
1419.797266,0.759482,0.817915,0.080060
1419.798437,0.757192,0.820103,-0.295189
1419.799609,0.755212,0.825512,-0.913390
1419.800781,0.747740,0.824434,-1.447594
1419.801953,0.754005,0.819270,-0.492194
1419.803125,0.766844,0.817686,0.716957
1419.804297,0.772134,0.828481,0.254917
1419.805469,0.781175,0.837792,0.232285
1419.806641,0.776539,0.837258,-0.111468
1419.807812,0.769809,0.840553,-0.950495
1419.808984,0.780157,0.848768,-0.772163
1419.810156,0.794631,0.855680,-0.139204
1419.811328,0.794154,0.863702,-0.850530
1419.812500,0.805627,0.868925,-0.327565
1419.813672,0.824123,0.869878,1.144399
1419.814844,0.827207,0.866484,1.689468
1419.816016,0.817178,0.868327,0.691201
1419.817188,0.815747,0.875439,-0.025492
1419.818359,0.811259,0.867200,0.289031
1419.819531,0.806641,0.859808,0.521799
1419.820703,0.813224,0.863066,0.800998
1419.821875,0.821519,0.862028,1.585742
1419.823047,0.822573,0.865224,1.405474
1419.824219,0.824741,0.871758,1.038385
1419.825391,0.826649,0.879525,0.546257
1419.826562,0.825887,0.886526,-0.104826
1419.827734,0.833755,0.897437,-0.359677
1419.828906,0.842766,0.895326,0.572672
1419.830078,0.840646,0.889228,0.906792
1419.831250,0.845087,0.888514,1.340239
1419.832422,0.846055,0.896731,0.730967
1419.833594,0.850361,0.898319,0.959227
1419.834766,0.851967,0.891300,1.684717
1419.835938,0.846898,0.896976,0.781115
1419.837109,0.848763,0.906858,0.108411
1419.838281,0.853286,0.906587,0.510516
1419.839453,0.848068,0.905506,0.163486
1419.840625,0.844589,0.910311,-0.530509
1419.841797,0.851652,0.916799,-0.482341
1419.842969,0.862914,0.922172,0.010887
1419.844141,0.866985,0.936541,-0.851234
1419.845312,0.880018,0.941512,-0.176484
1419.846484,0.883877,0.946649,-0.283576
1419.847656,0.872609,0.954115,-1.849105
1419.848828,0.868333,0.950457,-1.900572
1419.850000,0.881219,0.959403,-1.571951
1419.851172,0.896749,0.957775,-0.137180
1419.852344,0.889012,0.949690,-0.108147
1419.853516,0.880071,0.940771,-0.109929
1419.854687,0.884074,0.941630,0.153566
1419.855859,0.897394,0.952986,0.318327
1419.857031,0.914659,0.950059,2.016066
1419.858203,0.907929,0.951455,1.331903
1419.859375,0.907391,0.959951,0.572738
1419.860547,0.905633,0.958450,0.551162
1419.861719,0.896462,0.951501,0.364670
1419.862891,0.893868,0.963534,-0.860361
1419.864063,0.907492,0.971125,-0.355564
1419.865234,0.919247,0.979514,-0.073682
1419.866406,0.915031,0.976614,-0.183941
1419.867578,0.926010,0.975358,0.842480
1419.868750,0.921660,0.982787,-0.145714
1419.869922,0.918602,0.985891,-0.661596
1419.871094,0.916278,0.987548,-0.994506
1419.872266,0.905483,0.987440,-1.886649
1419.873437,0.905064,0.976958,-1.046655
1419.874609,0.921011,0.975093,0.444994
1419.875781,0.938753,0.985567,1.055453
1419.876953,0.938498,0.995555,0.195444
1419.878125,0.941366,0.995604,0.431907
1419.879297,0.956129,0.997941,1.476033
1419.880469,0.965836,1.000682,2.062716
1419.881641,0.955697,1.002969,1.016853
1419.882812,0.931746,1.013478,-1.867910
1419.883984,0.930552,1.017784,-2.326211
1419.885156,0.946656,0.998391,0.641955
1419.886328,0.952095,0.994477,1.428151
1419.887500,0.957288,1.005778,0.914556
1419.888672,0.961207,1.008592,1.007395
1419.889844,0.952154,1.004503,0.590466
1419.891016,0.944970,1.006843,-0.208223
1419.892187,0.947257,1.009219,-0.215657
1419.893359,0.958970,1.013624,0.396980
1419.894531,0.961966,1.027937,-0.551382
1419.895703,0.972881,1.031954,0.026459
1419.896875,0.979959,1.033823,0.463293
1419.898047,0.985894,1.039223,0.508140
1419.899219,0.987041,1.035031,0.956587
1419.900391,0.993826,1.044035,0.770096
1419.901562,0.995671,1.042304,1.070585
1419.902734,1.001199,1.043858,1.404837
1419.903906,1.006710,1.054522,0.971500
1419.905078,1.006693,1.060028,0.507678
1419.906250,1.004659,1.051271,1.072367
1419.907422,1.002898,1.043479,1.579693
1419.908594,0.998470,1.040548,1.453687
1419.909766,0.998944,1.049847,0.711766
1419.910938,1.000137,1.055831,0.309705
1419.912109,0.994490,1.052696,0.099086
1419.913281,0.999467,1.051595,0.608963
1419.914453,0.997954,1.047287,0.843711
1419.915625,1.008221,1.059567,0.674595
1419.916797,1.016357,1.068261,0.627791
1419.917969,1.021374,1.071474,0.779311
1419.919141,1.007113,1.081455,-1.251205
1419.920312,1.005329,1.078572,-1.159377
1419.921484,1.012105,1.074868,-0.282784
1419.922656,1.012798,1.072350,-0.013681
1419.923828,1.025056,1.072564,0.996991
1419.925000,1.031840,1.049171,3.542114
1419.926172,1.032964,1.047847,3.749259
1419.927344,1.011945,1.071251,0.006862
1419.928516,0.999935,1.075077,-1.318046
1419.929688,1.020660,1.063372,1.400306
1419.930859,1.033872,1.061119,2.703857
1419.932031,1.023066,1.065912,1.389111
1419.933203,1.017310,1.067647,0.759450
1419.934375,1.022106,1.067512,1.173784
1419.935547,1.035762,1.073441,1.824009
1419.936719,1.041763,1.084259,1.418539
1419.937891,1.041808,1.084186,1.428437
1419.939062,1.032355,1.095000,-0.272887
1419.940234,1.034911,1.100021,-0.479261
1419.941406,1.046598,1.082086,2.008609
1419.942578,1.044741,1.064934,3.299888
1419.943750,1.035790,1.074330,1.751559
1419.944922,1.037688,1.091331,0.481857
1419.946094,1.040019,1.096862,0.213325
1419.947266,1.031828,1.099760,-0.715439
1419.948437,1.025193,1.103731,-1.601512
1419.949609,1.031084,1.105102,-1.224129
1419.950781,1.043257,1.106619,-0.332866
1419.951953,1.038650,1.097444,0.049774
1419.953125,1.034030,1.097148,-0.312477
1419.954297,1.043715,1.098862,0.355608
1419.955469,1.043732,1.107920,-0.402017
1419.956641,1.041816,1.106584,-0.450603
1419.957813,1.040750,1.090352,0.821079
1419.958984,1.035026,1.094750,-0.028153
1419.960156,1.036389,1.103071,-0.610811
1419.961328,1.047820,1.108417,-0.101285
1419.962500,1.051171,1.109955,0.050653
1419.963672,1.053575,1.107880,0.426277
1419.964844,1.060369,1.105183,1.223557
1419.966016,1.065795,1.100797,2.049607
1419.967187,1.054119,1.101399,1.016171
1419.968359,1.040691,1.095805,0.358379
1419.969531,1.044816,1.089831,1.206732
1419.970703,1.055034,1.092270,1.861290
1419.971875,1.057889,1.093081,2.033573
1419.973047,1.047153,1.098801,0.649323
1419.974219,1.038765,1.102750,-0.385059
1419.975391,1.042882,1.113663,-0.953640
1419.976562,1.051247,1.133802,-1.936511
1419.977734,1.063218,1.133781,-0.935407
1419.978906,1.062082,1.121925,-0.038205
1419.980078,1.048580,1.119222,-0.942027
1419.981250,1.057214,1.122285,-0.476006
1419.982422,1.075058,1.128088,0.533280
1419.983594,1.068821,1.115460,1.070035
1419.984766,1.065050,1.117108,0.614858
1419.985937,1.072079,1.113584,1.501899
1419.987109,1.068985,1.111334,1.430856
1419.988281,1.067255,1.120389,0.524614
1419.989453,1.058450,1.122746,-0.411188
1419.990625,1.054235,1.117617,-0.334581
1419.991797,1.059288,1.107228,0.960766
1419.992969,1.060589,1.109367,0.890318
1419.994141,1.062399,1.119648,0.179366
1419.995312,1.062049,1.117165,0.358225
1419.996484,1.072558,1.120944,0.923288
1419.997656,1.076017,1.127370,0.674111
1419.998828,1.063959,1.128602,-0.440155
1420.000000,1.057752,1.135177,-1.508563
1420.001172,1.064294,1.136706,-1.089984
1420.002344,1.068351,1.131702,-0.332008
1420.003516,1.061344,1.122159,-0.119628
1420.004688,1.054828,1.118397,-0.350285
1420.005859,1.058291,1.115391,0.191793
1420.007031,1.066081,1.110814,1.230420
1420.008203,1.060428,1.112052,0.651347
1420.009375,1.045656,1.119553,-1.214012
1420.010547,1.049660,1.130088,-1.759147
1420.011719,1.064982,1.126686,-0.194102
1420.012891,1.070122,1.118609,0.914776
1420.014062,1.062325,1.120821,0.074782
1420.015234,1.062080,1.127530,-0.507700
1420.016406,1.051448,1.123854,-1.089391
1420.017578,1.047639,1.116561,-0.798227
1420.018750,1.053272,1.119442,-0.567944
1420.019922,1.051275,1.127942,-1.445351
1420.021094,1.050528,1.133209,-1.947025
1420.022266,1.056186,1.128652,-1.094471
1420.023438,1.066260,1.127532,-0.157877
1420.024609,1.062428,1.118185,0.304449
1420.025781,1.053798,1.113721,-0.044803
1420.026953,1.051998,1.114912,-0.295387
1420.028125,1.055339,1.108238,0.544255
1420.029297,1.053810,1.101459,0.985224
1420.030469,1.054602,1.110733,0.273084
1420.031641,1.061847,1.124911,-0.307990
1420.032812,1.051987,1.139742,-2.369804
1420.033984,1.049615,1.127164,-1.519032
1420.035156,1.053783,1.107005,0.517092
1420.036328,1.063243,1.102552,1.686807
1420.037500,1.064449,1.104796,1.599334
1420.038672,1.048913,1.105342,0.248033
1420.039844,1.037099,1.105203,-0.729846
1420.041016,1.045508,1.107335,-0.204373
1420.042187,1.059750,1.114471,0.391349
1420.043359,1.048780,1.102221,0.498815
1420.044531,1.035862,1.098518,-0.273810
1420.045703,1.038181,1.100909,-0.279837
1420.046875,1.045980,1.091215,1.188124
1420.048047,1.044856,1.086868,1.459229
1420.049219,1.035352,1.092239,0.209652
1420.050391,1.032110,1.108440,-1.417220
1420.051563,1.033309,1.114553,-1.827220
1420.052734,1.032555,1.106247,-1.196966
1420.053906,1.036365,1.100774,-0.420580
1420.055078,1.037707,1.098930,-0.153698
1420.056250,1.048045,1.094324,1.100366
1420.057422,1.044844,1.093310,0.916535
1420.058594,1.035353,1.094372,0.030946
1420.059766,1.033226,1.089532,0.258414
1420.060937,1.026441,1.089190,-0.281574
1420.062109,1.024878,1.086925,-0.222827
1420.063281,1.024956,1.081199,0.263649
1420.064453,1.025896,1.078544,0.565348
1420.065625,1.013160,1.077711,-0.432413
1420.066797,1.002000,1.079696,-1.531173
1420.067969,1.008904,1.074947,-0.557342
1420.069141,1.017416,1.069014,0.653568
1420.070312,1.024091,1.075953,0.631398
1420.071484,1.023396,1.083713,-0.077883
1420.072656,1.024116,1.073985,0.798645
1420.073828,1.024342,1.072236,0.964637
1420.075000,1.027836,1.063781,1.970163
1420.076172,1.022220,1.053060,2.400618
1420.077344,1.006718,1.061569,0.380440
1420.078516,0.999910,1.061104,-0.151323
1420.079687,1.009055,1.053911,1.219994
1420.080859,1.001428,1.058957,0.155831
1420.082031,0.988922,1.075170,-2.244281
1420.083203,0.986905,1.083237,-3.083286
1420.084375,0.994732,1.076476,-1.868900
1420.085547,1.009174,1.072530,-0.332426
1420.086719,1.008003,1.070535,-0.263429
1420.087891,0.996732,1.059532,-0.285863
1420.089062,1.006310,1.055317,0.871117
1420.090234,1.018295,1.054195,1.973924
1420.091406,1.008917,1.051275,1.430086
1420.092578,0.988762,1.040646,0.629440
1420.093750,0.987464,1.033930,1.084618
1420.094922,0.982261,1.027974,1.147962
1420.096094,0.972298,1.022916,0.735718
1420.097266,0.970349,1.025964,0.316326
1420.098438,0.972536,1.028602,0.278539
1420.099609,0.980831,1.028680,0.968399
1420.100781,0.997530,1.028629,2.378756
1420.101953,0.996071,1.038791,1.399668
1420.103125,0.980342,1.029718,0.840082
1420.104297,0.967510,1.012649,1.196152
1420.105469,0.972127,1.017365,1.187904
1420.106641,0.976945,1.014969,1.794976
1420.107812,0.980004,1.020042,1.625376
1420.108984,0.975697,1.029067,0.504687
1420.110156,0.960483,1.019189,0.057142
1420.111328,0.951357,1.013788,-0.254983
1420.112500,0.940189,1.007483,-0.662036
1420.113672,0.937006,0.997108,-0.059825
1420.114844,0.948773,1.001765,0.536513
1420.116016,0.945919,1.011183,-0.492172
1420.117188,0.947780,1.002683,0.376085
1420.118359,0.949013,0.994656,1.153835
1420.119531,0.953209,0.985728,2.258995
1420.120703,0.951423,0.990333,1.720349
1420.121875,0.940025,1.007900,-0.710622
1420.123047,0.931107,1.013413,-1.915814
1420.124219,0.922471,1.002323,-1.711089
1420.125391,0.925319,0.998982,-1.194459
1420.126562,0.940200,0.998507,0.090618
1420.127734,0.949473,0.992126,1.405365
1420.128906,0.945474,0.990727,1.186651
1420.130078,0.942819,0.986362,1.330451
1420.131250,0.938165,0.970586,2.267243
1420.132422,0.930309,0.973679,1.344945
1420.133594,0.926885,0.985334,0.078631
1420.134766,0.921377,0.980291,0.039700
1420.135937,0.917072,0.969111,0.616442
1420.137109,0.918342,0.965172,1.054045
1420.138281,0.914225,0.965477,0.682535
1420.139453,0.907758,0.972190,-0.422494
1420.140625,0.896785,0.971285,-1.264379
1420.141797,0.895427,0.965223,-0.871293
1420.142969,0.897372,0.959473,-0.227314
1420.144141,0.901568,0.961583,-0.052501
1420.145313,0.893332,0.964715,-1.003942
1420.146484,0.887990,0.951792,-0.369751
1420.147656,0.894455,0.938634,1.276982
1420.148828,0.890786,0.935279,1.250567
1420.150000,0.881909,0.931723,0.803329
1420.151172,0.875001,0.923712,0.895992
1420.152344,0.874043,0.919418,1.176379
1420.153516,0.882241,0.925929,1.318244
1420.154687,0.879807,0.925826,1.122272
1420.155859,0.869460,0.923403,0.456629
1420.157031,0.865761,0.924643,0.042450
1420.158203,0.865746,0.929800,-0.390887
1420.159375,0.855562,0.934672,-1.649218
1420.160547,0.849457,0.930922,-1.845718
1420.161719,0.842729,0.928544,-2.208232
1420.162891,0.846906,0.918000,-0.979836
1420.164062,0.849739,0.910798,-0.140017
1420.165234,0.850172,0.908586,0.081688
1420.166406,0.855351,0.903796,0.918361
1420.167578,0.845167,0.899056,0.461160
1420.168750,0.831691,0.897717,-0.555913
1420.169922,0.822887,0.899313,-1.425182
1420.171094,0.828591,0.895130,-0.598890
1420.172266,0.840787,0.898307,0.156513
1420.173437,0.841073,0.898227,0.187306
1420.174609,0.840112,0.882309,1.443679
1420.175781,0.824968,0.876401,0.667359
1420.176953,0.819270,0.881434,-0.232570
1420.178125,0.824027,0.876797,0.555121
1420.179297,0.824947,0.865712,1.564187
1420.180469,0.826289,0.872399,1.114530
1420.181641,0.807998,0.879465,-1.010936
1420.182812,0.798406,0.859896,-0.176088
1420.183984,0.816751,0.851466,2.073845
1420.185156,0.821024,0.863259,1.440490
1420.186328,0.805760,0.879626,-1.211394
1420.187500,0.801269,0.882280,-1.807777
1420.188672,0.802804,0.865442,-0.272315
1420.189844,0.800146,0.845309,1.194173
1420.191016,0.802005,0.842250,1.608000
1420.192188,0.796767,0.851126,0.421702
1420.193359,0.783429,0.845238,-0.202878
1420.194531,0.774036,0.841977,-0.716099
1420.195703,0.768226,0.845717,-1.514106
1420.196875,0.760998,0.842712,-1.866414
1420.198047,0.765320,0.838981,-1.194349
1420.199219,0.769358,0.832505,-0.314918
1420.200391,0.776697,0.817779,1.537552
1420.201562,0.769491,0.825117,0.315446
1420.202734,0.754776,0.824322,-0.850354
1420.203906,0.751360,0.813429,-0.224674
1420.205078,0.753406,0.810088,0.226918
1420.206250,0.758627,0.818682,-0.055866
1420.207422,0.755636,0.825400,-0.868675
1420.208594,0.745784,0.817291,-1.014345
1420.209766,0.738238,0.815022,-1.455116
1420.210938,0.735201,0.818751,-2.019497
1420.212109,0.739410,0.815310,-1.381324
1420.213281,0.754177,0.804686,0.744912
1420.214453,0.744056,0.795369,0.677388
1420.215625,0.728692,0.777346,0.900699
1420.216797,0.731807,0.771867,1.623573
1420.217969,0.737185,0.776062,1.723164
1420.219141,0.725083,0.781650,0.236508
1420.220312,0.716048,0.781164,-0.479767
1420.221484,0.710205,0.773356,-0.315226
1420.222656,0.709832,0.769970,-0.062882
1420.223828,0.729570,0.767386,1.812506
1420.225000,0.729949,0.763483,2.173371
1420.226172,0.724144,0.772029,0.965385
1420.227344,0.726238,0.770899,1.236402
1420.228516,0.716943,0.753885,1.886166
1420.229687,0.704092,0.739408,2.023104
1420.230859,0.695949,0.738435,1.419331
1420.232031,0.697602,0.744929,1.012278
1420.233203,0.703718,0.747673,1.295810
1420.234375,0.694489,0.744279,0.805331
1420.235547,0.690716,0.747065,0.254807
1420.236719,0.692613,0.739833,1.021273
1420.237891,0.682643,0.736731,0.444466
1420.239063,0.674938,0.735713,-0.116263
1420.240234,0.679834,0.741135,-0.160362
1420.241406,0.680244,0.734061,0.467208
1420.242578,0.678991,0.711089,2.294429
1420.243750,0.677033,0.694356,3.542796
1420.244922,0.671314,0.700142,2.570350
1420.246094,0.668204,0.703829,1.997062
1420.247266,0.658709,0.711785,0.529343
1420.248437,0.654403,0.713267,0.043923
1420.249609,0.656496,0.715107,0.065126
1420.250781,0.655716,0.712467,0.221045
1420.251953,0.653831,0.700498,1.067770
1420.253125,0.661186,0.695599,2.099249
1420.254297,0.663938,0.695774,2.316577
1420.255469,0.645333,0.688807,1.336192
1420.256641,0.637276,0.688618,0.674969
1420.257812,0.647862,0.698527,0.731803
1420.258984,0.650268,0.701317,0.699581
1420.260156,0.651168,0.693485,1.433627
1420.261328,0.653468,0.691639,1.782637
1420.262500,0.643529,0.692740,0.854005
1420.263672,0.628991,0.696724,-0.698789
1420.264844,0.629198,0.687991,0.049796
1420.266016,0.635518,0.672978,1.842550
1420.267187,0.634595,0.665803,2.369452
1420.268359,0.635088,0.669267,2.118978
1420.269531,0.631312,0.672737,1.508673
1420.270703,0.629206,0.674305,1.199583
1420.271875,0.625103,0.670580,1.167801
1420.273047,0.612812,0.675624,-0.286831
1420.274219,0.616746,0.667780,0.700857
1420.275391,0.617165,0.637775,3.264697
1420.276562,0.607755,0.634481,2.747890
1420.277734,0.615442,0.642797,2.694664
1420.278906,0.624098,0.638059,3.827318
1420.280078,0.617273,0.643925,2.754093
1420.281250,0.624808,0.645446,3.262365
1420.282422,0.620812,0.636972,3.641134
1420.283594,0.604014,0.638971,2.053346
1420.284766,0.601241,0.640864,1.660325
1420.285938,0.600443,0.638504,1.791831
1420.287109,0.602220,0.630204,2.641635
1420.288281,0.598396,0.628056,2.500122
1420.289453,0.591411,0.633282,1.471106
1420.290625,0.581613,0.629487,0.966309
1420.291797,0.570326,0.627239,0.207497
1420.292969,0.566706,0.623820,0.190649
1420.294141,0.584517,0.614704,2.455715
1420.295312,0.600038,0.625263,2.874579
1420.296484,0.606587,0.633443,2.736783
1420.297656,0.603828,0.626695,3.073850
1420.298828,0.597424,0.621130,3.003006
1420.300000,0.579413,0.600209,3.248949
1420.301172,0.563515,0.592137,2.587770
1420.302344,0.566055,0.592211,2.795949
1420.303516,0.574624,0.590096,3.699419
1420.304688,0.566166,0.593402,2.704759
1420.305859,0.562795,0.589159,2.778441
1420.307031,0.559068,0.587000,2.646034
1420.308203,0.559176,0.582728,3.015938
1420.309375,0.562327,0.582997,3.259594
1420.310547,0.573081,0.585887,3.925237
1420.311719,0.576775,0.587324,4.116458
1420.312891,0.571568,0.584901,3.880522
1420.314062,0.576116,0.595193,3.394355
1420.315234,0.579372,0.594411,3.736128
1420.316406,0.563523,0.581671,3.472941
1420.317578,0.544754,0.584742,1.629621
1420.318750,0.535928,0.580836,1.215661
1420.319922,0.542923,0.573102,2.456419
1420.321094,0.553235,0.569764,3.609967
1420.322266,0.557283,0.570951,3.852105
1420.323437,0.560379,0.565603,4.568050
1420.324609,0.554448,0.565737,4.053751
1420.325781,0.552773,0.564058,4.054060
1420.326953,0.555122,0.570046,3.745806
1420.328125,0.555386,0.571793,3.620217
1420.329297,0.544316,0.565837,3.187562
1420.330469,0.539081,0.560754,3.174761
1420.331641,0.549395,0.559923,4.118174
1420.332813,0.546367,0.560162,3.841416
1420.333984,0.541075,0.549452,4.300597
1420.335156,0.533448,0.545681,3.973801
1420.336328,0.531250,0.556505,2.872072
1420.337500,0.554970,0.563245,4.309196
1420.338672,0.566751,0.556250,5.905056
1420.339844,0.555853,0.549956,5.513025
1420.341016,0.540588,0.546066,4.546518
1420.342187,0.534773,0.551913,3.558214
1420.343359,0.534717,0.562737,2.638534
1420.344531,0.544228,0.555484,4.056611
1420.345703,0.551086,0.550900,5.027517
1420.346875,0.548714,0.549801,4.919325
1420.348047,0.554130,0.542367,6.012521
1420.349219,0.551930,0.537049,6.278215
1420.350391,0.546905,0.533265,6.172466
1420.351562,0.553463,0.538520,6.283538
1420.352734,0.555687,0.544756,5.941655
1420.353906,0.554547,0.534678,6.703766
1420.355078,0.552271,0.536536,6.350974
1420.356250,0.544309,0.538375,5.516148
1420.357422,0.558497,0.538463,6.717799
1420.358594,0.557095,0.536483,6.767155
1420.359766,0.545383,0.530601,6.269814
1420.360937,0.545242,0.522603,6.940340
1420.362109,0.555967,0.532297,7.028318
1420.363281,0.563259,0.531048,7.758758
1420.364453,0.557000,0.515214,8.579287
1420.365625,0.551129,0.509194,8.592088
1420.366797,0.557928,0.511083,9.013459
1420.367969,0.562380,0.526381,8.083134
1420.369141,0.559157,0.539244,6.707505
1420.370312,0.554168,0.534443,6.691449
1420.371484,0.559956,0.537750,6.903301
1420.372656,0.563322,0.540190,6.982349
1420.373828,0.560475,0.535427,7.146077
1420.375000,0.559502,0.535240,7.078949
1420.376172,0.547991,0.537420,5.910950
1420.377344,0.559599,0.540791,6.613193
1420.378516,0.579513,0.534005,8.898691
1420.379688,0.574692,0.523969,9.346677
1420.380859,0.561781,0.523357,8.290982
1420.382031,0.551503,0.523619,7.388545
1420.383203,0.550775,0.526146,7.110270
1420.384375,0.548533,0.537987,5.908883
1420.385547,0.555230,0.543634,5.998225
1420.386719,0.564576,0.540317,7.078686
1420.387891,0.563332,0.532973,7.600265
1420.389062,0.563820,0.534639,7.499485
1420.390234,0.577606,0.540220,8.201992
1420.391406,0.583673,0.543126,8.473009
1420.392578,0.575902,0.545954,7.565073
1420.393750,0.581769,0.549432,7.769491
1420.394922,0.594500,0.557861,8.137988
1420.396094,0.593224,0.568682,7.102836
1420.397266,0.582707,0.571275,5.984280
1420.398438,0.578486,0.568862,5.830274
1420.399609,0.574546,0.562881,6.004119
1420.400781,0.582760,0.556829,7.221519
1420.401953,0.586522,0.568350,6.558866
1420.403125,0.586207,0.578029,5.707193
1420.404297,0.603080,0.579860,6.989872
1420.405469,0.616953,0.583439,7.870226
1420.406641,0.613312,0.579896,7.861868
1420.407812,0.601833,0.590021,6.016656
1420.408984,0.604334,0.601943,5.214867
1420.410156,0.613812,0.597951,6.361795
1420.411328,0.619505,0.602303,6.476211
1420.412500,0.614483,0.596562,6.537531
1420.413672,0.617141,0.592469,7.114009
1420.414844,0.634684,0.586857,9.097875
1420.416016,0.644959,0.585049,10.137382
1420.417187,0.646084,0.588130,9.968903
1420.418359,0.645438,0.595332,9.293670
1420.419531,0.648344,0.592185,9.814369
1420.420703,0.657720,0.595400,10.345010
1420.421875,0.657544,0.593519,10.491978
1420.423047,0.655179,0.586326,10.908510
1420.424219,0.663476,0.581210,12.068196
1420.425391,0.672328,0.581101,12.844955
1420.426563,0.673978,0.578657,13.200300
1420.427734,0.669353,0.587538,12.029134
1420.428906,0.680953,0.591144,12.721962
1420.430078,0.701145,0.574080,15.967567
1420.431250,0.703355,0.562387,17.185846
1420.432422,0.693947,0.565278,16.107849
1420.433594,0.697924,0.566130,16.381418
1420.434766,0.702070,0.566548,16.708168
1420.435937,0.709556,0.561533,17.805565
1420.437109,0.705132,0.555725,17.927238
1420.438281,0.703605,0.557816,17.609154
1420.439453,0.719488,0.576757,17.340645
1420.440625,0.733085,0.582025,18.072622
1420.441797,0.731633,0.575050,18.558878
1420.442969,0.735555,0.569539,19.390713
1420.444141,0.747861,0.573675,20.112576
1420.445312,0.755583,0.573641,20.799156
1420.446484,0.761557,0.560038,22.537607
1420.447656,0.772141,0.561581,23.343048
1420.448828,0.776577,0.560824,23.806561
1420.450000,0.772762,0.561529,23.403181
1420.451172,0.769404,0.563187,22.955944
1420.452344,0.782071,0.571902,23.308252
1420.453516,0.797296,0.584557,23.537523
1420.454687,0.811161,0.583622,24.860453
1420.455859,0.818761,0.571118,26.664667
1420.457031,0.820376,0.567684,27.119074
1420.458203,0.817758,0.570962,26.588478
1420.459375,0.823681,0.573367,26.904980
1420.460547,0.822286,0.569056,27.167595
1420.461719,0.822434,0.571708,26.942062
1420.462891,0.850823,0.572382,29.444822
1420.464062,0.854903,0.572071,29.842836
1420.465234,0.848784,0.574437,29.074171
1420.466406,0.861631,0.577823,29.931387
1420.467578,0.878025,0.573117,31.849972
1420.468750,0.885998,0.575638,32.347183
1420.469922,0.895141,0.577374,33.023777
1420.471094,0.912980,0.581705,34.260487
1420.472266,0.921794,0.584185,34.841850
1420.473438,0.917692,0.590099,33.923046
1420.474609,0.932795,0.598917,34.499260
1420.475781,0.948837,0.598506,36.011917
1420.476953,0.968657,0.590255,38.605690
1420.478125,0.986859,0.574877,41.730766
1420.479297,0.996671,0.580631,42.109997
1420.480469,1.007775,0.592771,42.013130
1420.481641,1.025050,0.592207,43.684277
1420.482812,1.041285,0.596982,44.761440
1420.483984,1.054702,0.610551,44.747143
1420.485156,1.065132,0.607762,45.993134
1420.486328,1.081714,0.598862,48.405807
1420.487500,1.090681,0.603630,48.804787
1420.488672,1.093883,0.614541,48.072720
1420.489844,1.111840,0.618452,49.407482
1420.491016,1.136979,0.605514,53.048023
1420.492188,1.144391,0.603893,53.916367
1420.493359,1.161470,0.622183,53.799797
1420.494531,1.185012,0.625563,55.743896
1420.495703,1.206452,0.618932,58.465721
1420.496875,1.217805,0.619622,59.504261
1420.498047,1.227433,0.622680,60.145359
1420.499219,1.253352,0.628245,62.137978
1420.500391,1.264162,0.633716,62.662155
1420.501562,1.253911,0.627046,62.310329
1420.502734,1.246017,0.631982,61.052898
1420.503906,1.267692,0.652275,61.188168
1420.505078,1.278423,0.659576,61.524109
1420.506250,1.280013,0.660401,61.599068
1420.507422,1.298094,0.653777,64.026917
1420.508594,1.302875,0.645334,65.332161
1420.509766,1.307756,0.641391,66.205437
1420.510937,1.324865,0.649536,67.094322
1420.512109,1.349361,0.655756,68.912300
1420.513281,1.357195,0.662657,69.005211
1420.514453,1.348169,0.677283,66.653503
1420.515625,1.342390,0.681522,65.661247
1420.516797,1.343143,0.683866,65.503937
1420.517969,1.348232,0.688161,65.582458
1420.519141,1.360222,0.693484,66.242386
1420.520313,1.365197,0.687485,67.330986
1420.521484,1.363467,0.671451,68.753944
1420.522656,1.362070,0.667520,69.006485
1420.523828,1.368386,0.688960,67.501175
1420.525000,1.381882,0.690964,68.644539
1420.526172,1.376741,0.681279,69.097412
1420.527344,1.362957,0.693702,66.491714
1420.528516,1.347227,0.703384,63.980244
1420.529687,1.352154,0.700674,64.733559
1420.530859,1.356882,0.709651,64.314255
1420.532031,1.344982,0.722941,61.837139
1420.533203,1.336091,0.715815,61.664173
1420.534375,1.325482,0.710792,61.116947
1420.535547,1.315442,0.727421,58.514420
1420.536719,1.298424,0.731230,56.493206
1420.537891,1.293433,0.727149,56.404964
1420.539062,1.286175,0.731144,55.317158
1420.540234,1.281194,0.736096,54.359249
1420.541406,1.272252,0.738068,53.309231
1420.542578,1.261271,0.735868,52.466309
1420.543750,1.257261,0.739852,51.700417
1420.544922,1.236856,0.748737,48.906315
1420.546094,1.222088,0.765620,45.908104
1420.547266,1.218511,0.756229,46.457176
1420.548437,1.205413,0.743279,46.443188
1420.549609,1.190589,0.747748,44.623928
1420.550781,1.169391,0.761032,41.392357
1420.551953,1.154148,0.766817,39.434357
1420.553125,1.143052,0.762673,38.788994
1420.554297,1.140650,0.760741,38.745399
1420.555469,1.135539,0.774197,37.027271
1420.556641,1.117119,0.790737,33.812061
1420.557812,1.099609,0.793634,31.947144
1420.558984,1.098576,0.785191,32.623390
1420.560156,1.092754,0.773154,33.191334
1420.561328,1.091995,0.776804,32.788303
1420.562500,1.099456,0.785215,32.701557
1420.563672,1.095470,0.794961,31.449232
1420.564844,1.085064,0.793671,30.619949
1420.566016,1.070591,0.790246,29.617392
1420.567188,1.060072,0.794651,28.267147
1420.568359,1.068061,0.797680,28.715395
1420.569531,1.073273,0.806233,28.413454
1420.570703,1.065134,0.808456,27.478245
1420.571875,1.055137,0.809476,26.486467
1420.573047,1.044672,0.819610,24.638792
1420.574219,1.038485,0.819867,24.062447
1420.575391,1.037654,0.817723,24.179810
1420.576562,1.038965,0.818261,24.248917
1420.577734,1.039678,0.810890,24.972317
1420.578906,1.037356,0.807284,25.087305
1420.580078,1.028441,0.815514,23.554327
1420.581250,1.023558,0.824277,22.338512
1420.582422,1.019836,0.828904,21.596460
1420.583594,1.025188,0.829498,22.019196
1420.584766,1.036190,0.828238,23.110653
1420.585938,1.026910,0.833428,21.822960
1420.587109,1.010070,0.832383,20.422346
1420.588281,1.007691,0.830170,20.407698
1420.589453,0.997678,0.842292,18.453392
1420.590625,0.985609,0.855074,16.271181
1420.591797,0.982900,0.856754,15.887156
1420.592969,0.985192,0.860197,15.786509
1420.594141,0.978142,0.861195,15.083386
1420.595312,0.976014,0.859391,15.055014
1420.596484,0.977941,0.862288,14.970378
1420.597656,0.980198,0.854499,15.848093
1420.598828,0.976231,0.851593,15.755276
1420.600000,0.974982,0.859008,14.998400
1420.601172,0.977508,0.857019,15.392586
1420.602344,0.975330,0.858012,15.115718
1420.603516,0.970493,0.869283,13.712201
1420.604687,0.968282,0.874390,13.076295
1420.605859,0.963524,0.879927,12.183492
1420.607031,0.957565,0.888535,10.923775
1420.608203,0.949457,0.883711,10.640397
1420.609375,0.946134,0.877733,10.869449
1420.610547,0.949666,0.882084,10.798801
1420.611719,0.953014,0.890580,10.354819
1420.612891,0.968890,0.896656,11.200555
1420.614063,0.966744,0.898670,10.841295
1420.615234,0.939585,0.906225,7.857117
1420.616406,0.930737,0.908936,6.868681
1420.617578,0.947597,0.902068,8.900539
1420.618750,0.955482,0.897455,9.975193
1420.619922,0.964143,0.903374,10.211283
1420.621094,0.962583,0.915386,9.043680
1420.622266,0.944339,0.917649,7.286446
1420.623437,0.936428,0.927504,5.770757
1420.624609,0.947510,0.933429,6.210120
1420.625781,0.964774,0.929636,8.009363
1420.626953,0.971278,0.932404,8.329516
1420.628125,0.967203,0.932859,7.941401
1420.629297,0.965043,0.929912,8.008748
1420.630469,0.954171,0.915982,8.270835
1420.631641,0.942337,0.918505,7.042130
1420.632812,0.947123,0.939870,5.628496
1420.633984,0.959918,0.940737,6.645041
1420.635156,0.965715,0.933526,7.756910
1420.636328,0.958668,0.933978,7.115505
1420.637500,0.954522,0.937136,6.491915
1420.638672,0.958521,0.955302,5.285293
1420.639844,0.963068,0.968299,4.567523
1420.641016,0.968671,0.968551,5.021886
1420.642187,0.975138,0.958988,6.386473
1420.643359,0.981179,0.959408,6.866130
1420.644531,0.978484,0.960912,6.507751
1420.645703,0.969880,0.959509,5.893883
1420.646875,0.976829,0.963788,6.121439
1420.648047,0.982498,0.972624,5.851609
1420.649219,0.981895,0.969149,6.096277
1420.650391,0.980669,0.955380,7.166664
1420.651562,0.985388,0.967449,6.539071
1420.652734,0.989258,0.977957,5.973151
1420.653906,0.984903,0.981401,5.309355
1420.655078,0.978462,0.988707,4.142214
1420.656250,0.979289,0.989346,4.158204
1420.657422,0.984079,0.981762,5.208620
1420.658594,0.978781,0.982203,4.721001
1420.659766,0.983107,0.999343,3.634733
1420.660938,0.990136,1.002466,3.965554
1420.662109,0.988667,1.001541,3.919453
1420.663281,0.986321,0.999940,3.856307
1420.664453,0.983712,0.994647,4.083774
1420.665625,0.990801,0.998570,4.352174
1420.666797,0.999073,1.013256,3.808512
1420.667969,0.993658,1.015764,3.138140
1420.669141,0.990255,1.008903,3.430624
1420.670312,0.995994,1.004358,4.301674
1420.671484,1.004189,1.004084,5.020655
1420.672656,1.013715,1.011268,5.219661
1420.673828,1.023331,1.026980,4.701756
1420.675000,1.030041,1.029868,5.026373
1420.676172,1.021695,1.035566,3.834972
1420.677344,1.020571,1.033583,3.907730
1420.678516,1.021252,1.020972,5.035523
1420.679688,1.008071,1.022672,3.773211
1420.680859,1.012887,1.024203,4.051398
1420.682031,1.015198,1.033331,3.474217
1420.683203,1.008676,1.039057,2.439263
1420.684375,1.009194,1.033475,2.954397
1420.685547,1.013863,1.035458,3.181403
1420.686719,1.010283,1.034957,2.921142
1420.687891,1.012754,1.030697,3.490273
1420.689062,1.017827,1.035885,3.480507
1420.690234,1.017427,1.044804,2.692816
1420.691406,1.021385,1.042106,3.255239
1420.692578,1.024407,1.040277,3.665702
1420.693750,1.023618,1.046401,3.080954
1420.694922,1.023262,1.057034,2.153268
1420.696094,1.033108,1.051142,3.482509
1420.697266,1.051525,1.044698,5.592249
1420.698437,1.052161,1.051591,5.060069
1420.699609,1.053952,1.042572,5.979925
1420.700781,1.047585,1.044991,5.232110
1420.701953,1.032348,1.054342,3.147620
1420.703125,1.024130,1.069131,1.207831
1420.704297,1.022507,1.078267,0.304163
1420.705469,1.030674,1.072718,1.456546
1420.706641,1.026839,1.054855,2.638864
1420.707813,1.026933,1.051250,2.951340
1420.708984,1.024246,1.051931,2.666862
1420.710156,1.029383,1.061615,2.283211
1420.711328,1.027599,1.069327,1.483115
1420.712500,1.028881,1.071744,1.387637
1420.713672,1.023314,1.078719,0.334031
1420.714844,1.017276,1.070840,0.488477
1420.716016,1.028147,1.070358,1.442491
1420.717187,1.040397,1.076941,1.919641
1420.718359,1.046484,1.070877,2.944918
1420.719531,1.038390,1.072613,2.115261
1420.720703,1.033776,1.078690,1.215111
1420.721875,1.037280,1.082716,1.171298
1420.723047,1.046323,1.069006,3.089422
1420.724219,1.053713,1.065199,4.037080
1420.725391,1.052302,1.068975,3.597716
1420.726562,1.043782,1.067097,3.035953
1420.727734,1.035229,1.060262,2.890767
1420.728906,1.038592,1.067145,2.593511
1420.730078,1.040855,1.070489,2.502299
1420.731250,1.046216,1.084422,1.779580
1420.732422,1.058107,1.086364,2.618607
1420.733594,1.063899,1.076832,3.914504
1420.734766,1.056307,1.079139,3.076819
1420.735937,1.064780,1.078624,3.837259
1420.737109,1.064423,1.077919,3.866776
1420.738281,1.042073,1.072664,2.421645
1420.739453,1.036971,1.070014,2.214764
1420.740625,1.049687,1.071051,3.200957
1420.741797,1.051167,1.068655,3.528697
1420.742969,1.046004,1.073526,2.680609
1420.744141,1.052431,1.075212,3.081086
1420.745312,1.054336,1.069444,3.730190
1420.746484,1.047910,1.070322,3.112296
1420.747656,1.037472,1.072637,2.035882
1420.748828,1.035465,1.060537,2.887512
1420.750000,1.044589,1.063434,3.413930
1420.751172,1.039324,1.067079,2.660946
1420.752344,1.034869,1.067028,2.289260
1420.753516,1.038417,1.067036,2.587990
1420.754688,1.045445,1.067779,3.118895
1420.755859,1.042377,1.070094,2.664091
1420.757031,1.037545,1.069643,2.294429
1420.758203,1.036924,1.065586,2.584405
1420.759375,1.041027,1.069483,2.601781
1420.760547,1.033779,1.070496,1.905037
1420.761719,1.024068,1.063475,1.678493
1420.762891,1.033454,1.057461,2.977492
1420.764062,1.040193,1.052306,3.983919
1420.765234,1.036427,1.057272,3.244770
1420.766406,1.041412,1.064192,3.081196
1420.767578,1.034612,1.067931,2.191516
1420.768750,1.028759,1.056579,2.655469
1420.769922,1.027925,1.043754,3.669177
1420.771094,1.033549,1.040871,4.390114
1420.772266,1.036000,1.039277,4.733317
1420.773438,1.024406,1.041898,3.528412
1420.774609,1.022345,1.035414,3.902891
1420.775781,1.028538,1.023775,5.416645
1420.776953,1.020252,1.029285,4.244928
1420.778125,1.009060,1.036177,2.714767
1420.779297,0.997145,1.035625,1.756574
1420.780469,0.996930,1.025165,2.620454
1420.781641,0.996815,1.037979,1.530580
1420.782812,0.993350,1.038386,1.204884
1420.783984,0.999485,1.031608,2.292339
1420.785156,1.010360,1.025664,3.713562
1420.786328,1.013257,1.017078,4.687173
1420.787500,1.000639,1.014395,3.844737
1420.788672,0.989392,1.004537,3.727088
1420.789844,0.985223,1.008718,3.020711
1420.791016,0.990718,1.012650,3.152854
1420.792187,1.001973,1.012403,4.126575
1420.793359,1.009510,1.017527,4.331191
1420.794531,1.000586,1.016595,3.653979
1420.795703,0.989887,1.017342,2.686284
1420.796875,0.997534,1.004813,4.393700
1420.798047,1.000075,0.989706,5.893751
1420.799219,1.004326,0.996197,5.702970
1420.800391,1.001843,0.998827,5.268005
1420.801563,0.978316,0.985371,4.412725
1420.802734,0.979441,0.988886,4.210001
1420.803906,0.987012,1.000795,3.842450
1420.805078,0.982380,1.005317,3.067933
1420.806250,0.988494,1.023114,2.081763
1420.807422,1.031778,1.047417,3.685277
1420.808594,1.015114,1.014177,5.091257
1420.809766,0.981443,0.977578,5.340191
1420.810937,0.969417,0.962781,5.575929
1420.812109,0.965143,0.958868,5.545269
1420.813281,0.966824,0.944497,6.913594
1420.814453,0.967708,0.938758,7.479691
1420.815625,0.968548,0.941653,7.303954
1420.816797,0.957989,0.941737,6.395183
1420.817969,0.945808,0.948397,4.791735
1420.819141,0.947854,0.946512,5.125744
1420.820312,0.947226,0.929847,6.491343
1420.821484,0.951981,0.909553,8.634317
1420.822656,0.948469,0.915407,7.831560
1420.823828,0.951403,0.931575,6.700291
1420.825000,0.942620,0.922727,6.705790
1420.826172,0.928002,0.921605,5.555694
1420.827344,0.923828,0.916244,5.656649
1420.828516,0.923515,0.901098,6.921337
1420.829687,0.924652,0.898733,7.220507
1420.830859,0.916751,0.899680,6.464993
1420.832031,0.913966,0.897915,6.378071
1420.833203,0.915506,0.887540,7.395539
1420.834375,0.910828,0.881776,7.488400
1420.835547,0.899488,0.878097,6.833754
1420.836719,0.895321,0.867006,7.425364
1420.837891,0.882463,0.859670,6.953449
1420.839062,0.871904,0.863904,5.691973
1420.840234,0.876730,0.864287,6.070455
1420.841406,0.866882,0.852443,6.240517
1420.842578,0.868168,0.851957,6.391620
1420.843750,0.861488,0.859554,5.176024
1420.844922,0.848517,0.836938,5.996817
1420.846094,0.842365,0.818879,7.012614
1420.847266,0.843135,0.815499,7.367298
1420.848438,0.843499,0.808559,7.992472
1420.849609,0.839802,0.803509,8.108295
1420.850781,0.828661,0.792902,8.062547
1420.851953,0.817670,0.784916,7.805210
1420.853125,0.806758,0.787191,6.678033
1420.854297,0.791262,0.788146,5.276539
1420.855469,0.790841,0.782256,5.741900
1420.856641,0.793623,0.780228,6.151527
1420.857812,0.791664,0.777327,6.231851
1420.858984,0.794433,0.760056,7.944171
1420.860156,0.781867,0.748440,7.862836
1420.861328,0.766116,0.739254,7.301138
1420.862500,0.769482,0.732772,8.144014
1420.863672,0.764641,0.732986,7.711117
1420.864844,0.752685,0.732494,6.731304
1420.866016,0.749918,0.722940,7.311080
1420.867188,0.744624,0.711512,7.835870
1420.868359,0.735986,0.707845,7.410451
1420.869531,0.725583,0.706599,6.628193
1420.870703,0.721487,0.695259,7.246988
1420.871875,0.722224,0.684029,8.271275
1420.873047,0.719391,0.678940,8.464783
1420.874219,0.711760,0.671486,8.449651
1420.875391,0.695431,0.670175,7.163848
1420.876562,0.690271,0.659846,7.605895
1420.877734,0.680236,0.656354,7.046442
1420.878906,0.663889,0.649310,6.252482
1420.880078,0.651749,0.635605,6.385901
1420.881250,0.653154,0.620220,7.820650
1420.882422,0.643447,0.608081,8.028938
1420.883594,0.625643,0.598788,7.300479
1420.884766,0.615677,0.593386,6.910515
1420.885937,0.612077,0.580548,7.700340
1420.887109,0.616791,0.581637,8.010727
1420.888281,0.610129,0.579659,7.609766
1420.889453,0.593550,0.578290,6.310503
1420.890625,0.585964,0.568864,6.467457
1420.891797,0.572208,0.562364,5.849014
1420.892969,0.571323,0.560890,5.899205
1420.894141,0.562761,0.552527,5.882269
1420.895313,0.549165,0.541268,5.683307
1420.896484,0.537376,0.528933,5.729759
1420.897656,0.529374,0.518141,5.967432
1420.898828,0.522706,0.506117,6.423908
1420.900000,0.517157,0.488522,7.452725
1420.901172,0.507934,0.481047,7.303338
1420.902344,0.496054,0.475164,6.790909
1420.903516,0.480247,0.473924,5.549316
1420.904687,0.474619,0.478311,4.698038
1420.905859,0.480152,0.465009,6.300562
1420.907031,0.470362,0.444865,7.184524
1420.908203,0.455723,0.428561,7.326784
1420.909375,0.444239,0.419679,7.104331
1420.910547,0.432689,0.410630,6.890764
1420.911719,0.408413,0.395076,6.146600
1420.912891,0.396464,0.385339,5.958107
1420.914062,0.378311,0.377626,5.069922
1420.915234,0.367674,0.365329,5.210951
1420.916406,0.365453,0.360462,5.436000
1420.917578,0.345110,0.361002,3.663810
1420.918750,0.323376,0.349177,2.825949
1420.919922,0.319545,0.322673,4.746030
1420.921094,0.309195,0.311189,4.842278
1420.922266,0.310346,0.308717,5.150071
1420.923437,0.295476,0.302937,4.378325
1420.924609,0.276831,0.283824,4.417938
1420.925781,0.274408,0.261024,6.150647
1420.926953,0.267271,0.259146,5.702662
1420.928125,0.251136,0.260716,4.198564
1420.929297,0.234582,0.251208,3.601676
1420.930469,0.212485,0.228772,3.630400
1420.931641,0.206413,0.213972,4.369989
1420.932812,0.210084,0.205778,5.377714
1420.933984,0.187709,0.185383,5.209324
1420.935156,0.157745,0.171463,3.847970
1420.936328,0.152718,0.173507,3.249564
1420.937500,0.144817,0.167881,3.057200
1420.938672,0.134053,0.144528,4.122793
1420.939844,0.139867,0.140597,4.949678
1420.941016,0.132568,0.135008,4.804404
1420.942188,0.100793,0.118208,3.534944
1420.943359,0.082924,0.096594,3.851995
1420.944531,0.073866,0.082309,4.294988
1420.945703,0.062530,0.079275,3.591646
1420.946875,0.053148,0.085797,2.247998
1420.948047,0.035836,0.074695,1.724748
1420.949219,0.022126,0.044224,3.138888
1420.950391,0.003876,0.027267,3.029531
1420.951562,-0.023736,0.021754,1.166723
1420.952734,-0.031067,0.012588,1.321037
1420.953906,-0.028361,-0.006900,3.192708
1420.955078,-0.038542,-0.027114,4.041963
1420.956250,-0.054642,-0.026007,2.586670
1420.957422,-0.071000,-0.031298,1.653661
1420.958594,-0.084488,-0.051421,2.212741
1420.959766,-0.091966,-0.069983,3.148587
1420.960938,-0.109337,-0.078268,2.381307
1420.962109,-0.137449,-0.087157,0.763145
1420.963281,-0.152204,-0.096687,0.324574
1420.964453,-0.152738,-0.121975,2.407041
1420.965625,-0.159098,-0.154591,4.628932
1420.966797,-0.172788,-0.165850,4.422600
1420.967969,-0.189669,-0.170608,3.395674
1420.969141,-0.209465,-0.174346,2.039732
1420.970312,-0.227322,-0.186301,1.542611
1420.971484,-0.240396,-0.212193,2.623137
1420.972656,-0.257304,-0.228863,2.602990
1420.973828,-0.274444,-0.226612,0.969828
1420.975000,-0.285903,-0.237345,0.908815
1420.976172,-0.289381,-0.262013,2.693586
1420.977344,-0.301746,-0.278285,3.023702
1420.978516,-0.317109,-0.288662,2.602529
1420.979687,-0.336395,-0.292400,1.292466
1420.980859,-0.353803,-0.318714,2.042327
1420.982031,-0.364511,-0.348139,3.623208
1420.983203,-0.374314,-0.353432,3.241602
1420.984375,-0.399390,-0.359165,1.609628
1420.985547,-0.415211,-0.377080,1.786002
1420.986719,-0.428417,-0.386250,1.446186
1420.987891,-0.443010,-0.396739,1.101026
1420.989063,-0.458598,-0.417611,1.545536
1420.990234,-0.476304,-0.441062,2.029416
1420.991406,-0.486635,-0.464977,3.176059
1420.992578,-0.499955,-0.475896,2.973093
1420.993750,-0.526514,-0.472825,0.477964
1420.994922,-0.542314,-0.475422,-0.628429
1420.996094,-0.545571,-0.498280,1.015291
1420.997266,-0.555859,-0.526077,2.489784
1420.998437,-0.564262,-0.546115,3.472919
1420.999609,-0.578760,-0.557300,3.192818
1421.000781,-0.608296,-0.564291,1.291565
1421.001953,-0.631514,-0.589611,1.468357
1421.003125,-0.644688,-0.615942,2.577279
1421.004297,-0.647864,-0.623969,2.986971
1421.005469,-0.670438,-0.636084,2.104286
1421.006641,-0.694541,-0.652206,1.432044
1421.007812,-0.718507,-0.666372,0.608414
1421.008984,-0.739684,-0.679478,-0.068491
1421.010156,-0.751199,-0.696590,0.400785
1421.011328,-0.767627,-0.712038,0.318613
1421.012500,-0.787104,-0.735766,0.675343
1421.013672,-0.800021,-0.746358,0.480119
1421.014844,-0.814483,-0.754607,-0.040932
1421.016016,-0.834041,-0.783466,0.739391
1421.017187,-0.851178,-0.815663,2.006344
1421.018359,-0.878027,-0.825682,0.590752
1421.019531,-0.889980,-0.836957,0.533830
1421.020703,-0.892824,-0.860748,2.296342
1421.021875,-0.903603,-0.879192,2.943356
1421.023047,-0.926680,-0.886226,1.590405
1421.024219,-0.956966,-0.905227,0.641713
1421.025391,-0.988714,-0.932901,0.299808
1421.026562,-1.014410,-0.957516,0.209080
1421.027734,-1.024828,-0.963837,-0.134365
1421.028906,-1.032500,-0.975109,0.167357
1421.030078,-1.051085,-0.987766,-0.329325
1421.031250,-1.077113,-0.998447,-1.612201
1421.032422,-1.088919,-1.032818,0.275592
1421.033594,-1.097764,-1.045789,0.621786
1421.034766,-1.106963,-1.048204,0.052743
1421.035938,-1.129315,-1.070326,0.033432
1421.037109,-1.149514,-1.093548,0.286853
1421.038281,-1.163361,-1.113374,0.788769
1421.039453,-1.191387,-1.142031,0.841798
1421.040625,-1.216249,-1.169105,1.027696
1421.041797,-1.233766,-1.173250,-0.094599
1421.042969,-1.251738,-1.184511,-0.656428
1421.044141,-1.273257,-1.207788,-0.509262
1421.045312,-1.291770,-1.226543,-0.488983
1421.046484,-1.312283,-1.237571,-1.282085
1421.047656,-1.318137,-1.253108,-0.472531
1421.048828,-1.330202,-1.280939,0.849584
1421.050000,-1.355000,-1.310028,1.210229
1421.051172,-1.379064,-1.321348,0.140127
1421.052344,-1.389282,-1.338531,0.724567
1421.053516,-1.405051,-1.362575,1.420211
1421.054688,-1.429067,-1.381994,1.033590
1421.055859,-1.451013,-1.400773,0.767522
1421.057031,-1.462759,-1.424153,1.745994
1421.058203,-1.471577,-1.434163,1.846377
1421.059375,-1.495733,-1.440049,0.310541
1421.060547,-1.525065,-1.472341,0.558970
1421.061719,-1.553845,-1.503610,0.767896
1421.062891,-1.570333,-1.520576,0.808058
1421.064062,-1.579629,-1.529899,0.810280
1421.065234,-1.597255,-1.543662,0.486014
1421.066406,-1.631864,-1.573698,0.102429
1421.067578,-1.656224,-1.588169,-0.725667
1421.068750,-1.662426,-1.605513,0.207475
1421.069922,-1.677924,-1.621799,0.273568
1421.071094,-1.705463,-1.627753,-1.532427
1421.072266,-1.724917,-1.644562,-1.753077
1421.073437,-1.740083,-1.666921,-1.152603
1421.074609,-1.754193,-1.695945,0.095566
1421.075781,-1.776446,-1.733969,1.420189
1421.076953,-1.801289,-1.752805,0.915018
1421.078125,-1.818222,-1.759414,0.048586
1421.079297,-1.836489,-1.781461,0.365638
1421.080469,-1.861084,-1.808119,0.538735
1421.081641,-1.885376,-1.825666,-0.027031
1421.082813,-1.904752,-1.849198,0.321472
1421.083984,-1.919290,-1.866807,0.579161
1421.085156,-1.930206,-1.881856,0.926345
1421.086328,-1.962612,-1.909844,0.555231
1421.087500,-1.983593,-1.938356,1.187970
1421.088672,-1.994165,-1.960902,2.196223
1421.089844,-2.020728,-1.984500,1.946277
1421.091016,-2.050799,-2.009986,1.560118
1421.092187,-2.068090,-2.016537,0.657241
1421.093359,-2.093824,-2.013556,-1.745862
1421.094531,-2.125658,-2.043165,-1.931342
1421.095703,-2.145829,-2.086455,0.001144
1421.096875,-2.149576,-2.105435,1.280149
1421.098047,-2.160781,-2.109197,0.654624
1421.099219,-2.186609,-2.132459,0.439253
1421.100391,-2.210274,-2.153988,0.260130
1421.101562,-2.228970,-2.178608,0.757295
1421.102734,-2.249855,-2.200304,0.825412
1421.103906,-2.268011,-2.224431,1.327328
1421.105078,-2.287382,-2.250708,1.908732
1421.106250,-2.318777,-2.267753,0.701692
1421.107422,-2.348162,-2.286579,-0.183941
1421.108594,-2.378950,-2.308431,-0.931800
1421.109766,-2.404443,-2.333338,-0.980672
1421.110937,-2.413306,-2.359903,0.502004
1421.112109,-2.422439,-2.390555,2.312508
1421.113281,-2.458951,-2.402440,0.241280
1421.114453,-2.493976,-2.419197,-1.287628
1421.115625,-2.517812,-2.452090,-0.530553
1421.116797,-2.526126,-2.476664,0.832824
1421.117969,-2.538040,-2.500793,1.860410
1421.119141,-2.560487,-2.511909,0.907210
1421.120312,-2.587865,-2.525534,-0.246537
1421.121484,-2.630529,-2.549256,-1.829640
1421.122656,-2.639552,-2.574004,-0.515926
1421.123828,-2.645342,-2.597181,0.942137
1421.125000,-2.677341,-2.621394,0.288459
1421.126172,-2.698697,-2.656792,1.468225
1421.127344,-2.728959,-2.686007,1.380115
1421.128516,-2.745063,-2.691790,0.512847
1421.129688,-2.751209,-2.696691,0.408395
1421.130859,-2.784603,-2.717069,-0.682139
1421.132031,-2.812123,-2.752126,-0.051049
1421.133203,-2.843788,-2.787659,0.273260
1421.134375,-2.877853,-2.815158,-0.277021
1421.135547,-2.899453,-2.834206,-0.490721
1421.136719,-2.918167,-2.856246,-0.212204
1421.137891,-2.937176,-2.883809,0.504951
1421.139062,-2.964498,-2.908239,0.262373
1421.140234,-2.982166,-2.931975,0.771701
1421.141406,-2.998796,-2.954908,1.301484
1421.142578,-3.014926,-2.971333,1.326206
1421.143750,-3.036783,-2.992904,1.302254
1421.144922,-3.068608,-3.027498,1.535110
1421.146094,-3.098603,-3.057986,1.576636
1421.147266,-3.124475,-3.076207,0.933207
1421.148438,-3.151554,-3.087755,-0.369487
1421.149609,-3.182167,-3.114428,-0.699207
1421.150781,-3.206401,-3.142967,-0.338980
1421.151953,-3.227867,-3.163817,-0.390513
1421.153125,-3.254786,-3.179448,-1.334344
1421.154297,-3.285275,-3.201863,-2.007972
1421.155469,-3.302986,-3.239081,-0.378328
1421.156641,-3.312413,-3.265673,1.061677
1421.157812,-3.327732,-3.293529,2.116910
1421.158984,-3.362672,-3.324257,1.762072
1421.160156,-3.390738,-3.342200,0.910487
1421.161328,-3.418767,-3.357227,-0.180355
1421.162500,-3.446707,-3.373551,-1.152075
1421.163672,-3.469503,-3.397813,-1.029631
1421.164844,-3.495878,-3.428011,-0.709984
1421.166016,-3.515155,-3.456324,0.046672
1421.167187,-3.535247,-3.480657,0.402347
1421.168359,-3.573385,-3.506376,-0.638172
1421.169531,-3.600409,-3.534950,-0.508492
1421.170703,-3.629639,-3.563889,-0.532862
1421.171875,-3.654525,-3.591732,-0.285291
1421.173047,-3.665699,-3.607519,0.101285
1421.174219,-3.688149,-3.628005,-0.063366
1421.175391,-3.715419,-3.664752,0.731649
1421.176563,-3.748208,-3.689697,0.073462
1421.177734,-3.782433,-3.715501,-0.631706
1421.178906,-3.801065,-3.738835,-0.238113
1421.180078,-3.834229,-3.768908,-0.496967
1421.181250,-3.864184,-3.795785,-0.754457
1421.182422,-3.894039,-3.824498,-0.849958
1421.183594,-3.921275,-3.846421,-1.294006
1421.184766,-3.935917,-3.864667,-0.992791
1421.185937,-3.961636,-3.899103,-0.263495
1421.187109,-3.999620,-3.925373,-1.243287
1421.188281,-4.028011,-3.951943,-1.395313
1421.189453,-4.048950,-3.993128,0.298950
1421.190625,-4.072552,-4.015640,0.207585
1421.191797,-4.095029,-4.032825,-0.235936
1421.192969,-4.132593,-4.064967,-0.689793
1421.194141,-4.165608,-4.091491,-1.232399
1421.195312,-4.185240,-4.112123,-1.148842
1421.196484,-4.198476,-4.135976,-0.260746
1421.197656,-4.224824,-4.163412,-0.169622
1421.198828,-4.251943,-4.198329,0.484254
