1418.800000,-4.305250,-4.223672,0.686338
1418.801172,-4.318255,-4.243269,1.257727
1418.802344,-4.345568,-4.278298,1.927572
1418.803516,-4.380427,-4.308236,1.500167
1418.804688,-4.409519,-4.307830,-1.051335
1418.805859,-4.424576,-4.317877,-1.482943
1418.807031,-4.450101,-4.356003,-0.396383
1418.808203,-4.477495,-4.397206,0.798067
1418.809375,-4.498274,-4.420965,1.056292
1418.810547,-4.525908,-4.435406,-0.085664
1418.811719,-4.550021,-4.449396,-0.959640
1418.812891,-4.567442,-4.466514,-0.985750
1418.814062,-4.577959,-4.500728,1.063030
1418.815234,-4.587369,-4.523203,2.197379
1418.816406,-4.616872,-4.552497,2.179218
1418.817578,-4.661143,-4.574728,0.267659
1418.818750,-4.685748,-4.587605,-0.745503
1418.819922,-4.711292,-4.619009,-0.239630
1418.821094,-4.724855,-4.639190,0.332535
1418.822266,-4.740283,-4.645976,-0.414384
1418.823437,-4.766621,-4.662954,-1.221794
1418.824609,-4.785221,-4.681303,-1.243450
1418.825781,-4.796692,-4.709685,0.216512
1418.826953,-4.817701,-4.728539,0.030085
1418.828125,-4.843966,-4.731045,-2.018353
1418.829297,-4.859573,-4.748337,-1.873479
1418.830469,-4.877074,-4.775814,-1.014374
1418.831641,-4.891738,-4.793039,-0.793498
1418.832813,-4.897557,-4.813822,0.499546
1418.833984,-4.912848,-4.831594,0.714322
1418.835156,-4.923348,-4.851281,1.510926
1418.836328,-4.934493,-4.854558,0.828677
1418.837500,-4.941601,-4.856133,0.349554
1418.838672,-4.950822,-4.866015,0.406869
1418.839844,-4.963351,-4.885963,1.049416
1418.841016,-4.977551,-4.894333,0.544388
1418.842187,-4.990439,-4.908397,0.646156
1418.843359,-4.995576,-4.925361,1.671769
1418.844531,-5.003926,-4.926770,1.069518
1418.845703,-5.013174,-4.924654,0.085618
1418.846875,-5.019411,-4.927469,-0.210185
1418.848047,-5.027193,-4.937357,-0.028166
1418.849219,-5.027166,-4.940367,0.234445
1418.850391,-5.024428,-4.942352,0.643255
1418.851562,-5.031519,-4.957052,1.302729
1418.852734,-5.028934,-4.977532,3.308838
1418.853906,-5.028698,-4.978509,3.414696
1418.855078,-5.042010,-4.964611,1.048388
1418.856250,-5.053407,-4.956635,-0.627150
1418.857422,-5.044779,-4.959644,0.378474
1418.858594,-5.036464,-4.949887,0.253679
1418.859766,-5.031927,-4.944432,0.174274
1418.860937,-5.033214,-4.944337,0.054779
1418.862109,-5.024563,-4.928426,-0.572394
1418.863281,-5.016101,-4.918025,-0.739770
1418.864453,-5.017457,-4.927413,-0.046053
1418.865625,-5.006144,-4.925907,0.802476
1418.866797,-4.984734,-4.902733,0.649743
1418.867969,-4.982289,-4.890548,-0.192823
1418.869141,-4.982668,-4.893534,0.032552
1418.870312,-4.966989,-4.883616,0.530933
1418.871484,-4.952492,-4.863284,0.026087
1418.872656,-4.935029,-4.859251,1.189082
1418.873828,-4.930133,-4.852826,1.056406
1418.875000,-4.929815,-4.832083,-0.710027
1418.876172,-4.922300,-4.812199,-1.775845
1418.877344,-4.897923,-4.804633,-0.326550
1418.878516,-4.883241,-4.797585,0.333335
1418.879688,-4.871332,-4.782006,0.015945
1418.880859,-4.847030,-4.770483,1.122378
1418.882031,-4.826935,-4.746964,0.825525
1418.883203,-4.804704,-4.719079,0.336053
1418.884375,-4.778401,-4.692665,0.326390
1418.885547,-4.759726,-4.673597,0.292490
1418.886719,-4.733757,-4.666986,1.970953
1418.887891,-4.705717,-4.649155,2.859115
1418.889062,-4.692717,-4.611850,0.747902
1418.890234,-4.682030,-4.587106,-0.467701
1418.891406,-4.647364,-4.565473,0.659200
1418.892578,-4.630572,-4.543074,0.174023
1418.893750,-4.618463,-4.521566,-0.637933
1418.894922,-4.590116,-4.504483,0.335345
1418.896094,-4.554775,-4.497344,2.783365
1418.897266,-4.534290,-4.483859,3.393520
1418.898438,-4.518440,-4.454463,2.213758
1418.899609,-4.494716,-4.421226,1.387456
1418.900781,-4.474239,-4.384186,-0.046875
1418.901953,-4.449108,-4.360979,0.119427
1418.903125,-4.415702,-4.342452,1.408267
1418.904297,-4.380651,-4.309543,1.594215
1418.905469,-4.361409,-4.291285,1.679581
1418.906641,-4.347364,-4.265162,0.632244
1418.907812,-4.312939,-4.236774,1.155456
1418.908984,-4.277225,-4.201784,1.218162
1418.910156,-4.244563,-4.168025,1.123132
1418.911328,-4.221858,-4.140527,0.707766
1418.912500,-4.204076,-4.103109,-0.989086
1418.913672,-4.178466,-4.069871,-1.646138
1418.914844,-4.145860,-4.037919,-1.589920
1418.916016,-4.119127,-4.006896,-1.958982
1418.917187,-4.086805,-3.972333,-2.151737
1418.918359,-4.049328,-3.946038,-1.189379
1418.919531,-4.018522,-3.923005,-0.518940
1418.920703,-4.001310,-3.891316,-1.766616
1418.921875,-3.973989,-3.876847,-0.659109
1418.923047,-3.933756,-3.855104,0.939812
1418.924219,-3.890118,-3.829940,2.544306
1418.925391,-3.856613,-3.805957,3.373897
1418.926563,-3.835880,-3.769773,2.028656
1418.927734,-3.820460,-3.727572,-0.291874
1418.928906,-3.783897,-3.686079,-0.717474
1418.930078,-3.754761,-3.655393,-0.851201
1418.931250,-3.736078,-3.635129,-0.987486
1418.932422,-3.704545,-3.594296,-1.788500
1418.933594,-3.658699,-3.562129,-0.609743
1418.934766,-3.623800,-3.533599,-0.059713
1418.935937,-3.600239,-3.501395,-0.806039
1418.937109,-3.580233,-3.478984,-1.013391
1418.938281,-3.557067,-3.459618,-0.685653
1418.939453,-3.518401,-3.429473,0.050370
1418.940625,-3.478549,-3.389224,0.016036
1418.941797,-3.452017,-3.368182,0.490956
1418.942969,-3.417045,-3.348367,1.805199
1418.944141,-3.397158,-3.328984,1.848922
1418.945312,-3.363397,-3.292692,1.629211
1418.946484,-3.318969,-3.255342,2.244186
1418.947656,-3.299437,-3.225147,1.318103
1418.948828,-3.280451,-3.202197,0.974351
1418.950000,-3.249922,-3.167836,0.642364
1418.951172,-3.215650,-3.132338,0.536210
1418.952344,-3.186489,-3.113888,1.464554
1418.953516,-3.159714,-3.089940,1.710101
1418.954687,-3.130254,-3.062888,1.919143
1418.955859,-3.104921,-3.020058,0.401980
1418.957031,-3.074146,-2.985579,0.081598
1418.958203,-3.028548,-2.961504,1.947172
1418.959375,-2.995252,-2.934078,2.457637
1418.960547,-2.979891,-2.891504,0.097154
1418.961719,-2.960811,-2.861794,-0.820956
1418.962891,-2.934663,-2.831293,-1.196209
1418.964062,-2.904639,-2.784109,-2.672048
1418.965234,-2.881625,-2.764296,-2.397147
1418.966406,-2.860141,-2.750454,-1.740140
1418.967578,-2.824915,-2.724327,-0.956465
1418.968750,-2.786766,-2.683593,-1.179214
1418.969922,-2.763450,-2.645080,-2.486580
1418.971094,-2.735001,-2.623246,-1.918069
1418.972266,-2.698575,-2.601804,-0.627150
1418.973438,-2.677934,-2.575281,-1.134440
1418.974609,-2.663212,-2.548854,-2.141846
1418.975781,-2.634080,-2.516766,-2.395890
1418.976953,-2.588892,-2.495590,-0.327624
1418.978125,-2.558777,-2.471220,0.168906
1418.979297,-2.538138,-2.447737,-0.077029
1418.980469,-2.505921,-2.425745,0.807752
1418.981641,-2.473867,-2.402890,1.605568
1418.982812,-2.446476,-2.376974,1.733675
1418.983984,-2.415957,-2.333562,0.615591
1418.985156,-2.387469,-2.301649,0.319149
1418.986328,-2.365009,-2.276872,0.118719
1418.987500,-2.341271,-2.256656,0.423453
1418.988672,-2.317366,-2.236789,0.773030
1418.989844,-2.293350,-2.215680,1.024904
1418.991016,-2.267858,-2.194553,1.403561
1418.992188,-2.236948,-2.178097,2.659758
1418.993359,-2.209003,-2.146676,2.357285
1418.994531,-2.193322,-2.120578,1.452218
1418.995703,-2.180486,-2.094718,0.323626
1418.996875,-2.150914,-2.060271,-0.097954
1418.998047,-2.113657,-2.031778,0.660319
1418.999219,-2.084737,-2.004376,0.791785
1419.000391,-2.060528,-1.981977,0.948652
1419.001562,-2.045627,-1.965168,0.783264
1419.002734,-2.030460,-1.946629,0.491276
1419.003906,-2.001501,-1.921936,0.860727
1419.005078,-1.972769,-1.897213,1.208271
1419.006250,-1.950726,-1.870572,0.809740
1419.007422,-1.935786,-1.836856,-0.813441
1419.008594,-1.910892,-1.799789,-1.861988
1419.009766,-1.884151,-1.787049,-0.655728
1419.010937,-1.857135,-1.773964,0.548385
1419.012109,-1.821843,-1.750961,1.613837
1419.013281,-1.792816,-1.725184,1.896094
1419.014453,-1.771177,-1.692756,0.959868
1419.015625,-1.760558,-1.666491,-0.393779
1419.016797,-1.748176,-1.653421,-0.453081
1419.017969,-1.719532,-1.643231,1.143623
1419.019141,-1.694733,-1.608839,0.312776
1419.020313,-1.670914,-1.580281,-0.097017
1419.021484,-1.645810,-1.569654,1.156233
1419.022656,-1.630566,-1.554778,1.188214
1419.023828,-1.610997,-1.520823,-0.057338
1419.025000,-1.590773,-1.495886,-0.464503
1419.026172,-1.566883,-1.482883,0.476702
1419.027344,-1.536704,-1.470063,1.982237
1419.028516,-1.501580,-1.448279,3.143244
1419.029687,-1.480523,-1.417722,2.316052
1419.030859,-1.468936,-1.393838,1.247973
1419.032031,-1.445500,-1.359791,0.328743
1419.033203,-1.422808,-1.328532,-0.411780
1419.034375,-1.401227,-1.317226,0.476588
1419.035547,-1.377218,-1.305169,1.512457
1419.036719,-1.360737,-1.288040,1.456330
1419.037891,-1.356225,-1.263669,-0.263251
1419.039062,-1.335986,-1.224717,-1.876311
1419.040234,-1.318778,-1.201269,-2.412589
1419.041406,-1.301366,-1.184542,-2.353835
1419.042578,-1.273493,-1.165139,-1.625442
1419.043750,-1.243777,-1.143822,-0.901777
1419.044922,-1.223494,-1.123048,-0.944198
1419.046094,-1.205917,-1.115316,-0.094276
1419.047266,-1.186006,-1.119598,2.002431
1419.048437,-1.161566,-1.097394,2.196854
1419.049609,-1.137361,-1.062565,1.274220
1419.050781,-1.128976,-1.036229,-0.279744
1419.051953,-1.104316,-1.023966,0.792744
1419.053125,-1.075895,-1.011132,2.145478
1419.054297,-1.058696,-0.995640,2.293825
1419.055469,-1.050957,-0.975708,1.234861
1419.056641,-1.033785,-0.952667,0.726223
1419.057812,-1.012180,-0.922615,-0.004683
1419.058984,-1.002447,-0.906998,-0.513023
1419.060156,-0.979841,-0.896813,0.560789
1419.061328,-0.949194,-0.880698,1.821052
1419.062500,-0.927603,-0.864023,2.248366
1419.063672,-0.914781,-0.846741,1.860686
1419.064844,-0.898827,-0.826751,1.510173
1419.066016,-0.876490,-0.799860,1.115091
1419.067188,-0.863503,-0.776052,0.178112
1419.068359,-0.851814,-0.758367,-0.340188
1419.069531,-0.840852,-0.741311,-0.866141
1419.070703,-0.829258,-0.721322,-1.589440
1419.071875,-0.812871,-0.710534,-1.107142
1419.073047,-0.784269,-0.703539,0.759804
1419.074219,-0.763109,-0.689533,1.379987
1419.075391,-0.750849,-0.662805,0.126805
1419.076562,-0.734317,-0.648473,0.317070
1419.077734,-0.713748,-0.637656,1.161807
1419.078906,-0.696290,-0.606532,-0.021427
1419.080078,-0.688003,-0.590117,-0.723322
1419.081250,-0.677946,-0.589719,0.110883
1419.082422,-0.659722,-0.575914,0.493286
1419.083594,-0.636550,-0.558849,1.022300
1419.084766,-0.622918,-0.551157,1.537562
1419.085938,-0.611904,-0.535931,1.172041
1419.087109,-0.595327,-0.512506,0.578722
1419.088281,-0.579084,-0.500100,0.911097
1419.089453,-0.555804,-0.493441,2.354155
1419.090625,-0.540590,-0.466447,1.330850
1419.091797,-0.527371,-0.442951,0.440266
1419.092969,-0.513726,-0.428045,0.331142
1419.094141,-0.504034,-0.400306,-1.227071
1419.095312,-0.487012,-0.378019,-1.680472
1419.096484,-0.467941,-0.363966,-1.248384
1419.097656,-0.452086,-0.354282,-0.716263
1419.098828,-0.430932,-0.343374,0.168815
1419.100000,-0.407016,-0.320252,0.237506
1419.101172,-0.390666,-0.312031,0.941297
1419.102344,-0.378840,-0.305102,1.366006
1419.103516,-0.382908,-0.288802,-0.397114
1419.104687,-0.373417,-0.278614,-0.457262
1419.105859,-0.352575,-0.268695,0.487096
1419.107031,-0.343052,-0.262178,0.747331
1419.108203,-0.326073,-0.260377,2.064315
1419.109375,-0.302651,-0.240488,2.371585
1419.110547,-0.284457,-0.211107,1.399586
1419.111719,-0.281297,-0.200317,0.738193
1419.112891,-0.281023,-0.197239,0.495342
1419.114063,-0.278396,-0.171667,-1.485547
1419.115234,-0.266161,-0.143545,-2.851028
1419.116406,-0.241367,-0.132953,-1.630605
1419.117578,-0.221402,-0.135286,0.293473
1419.118750,-0.203550,-0.129466,1.335990
1419.119922,-0.197472,-0.111791,0.331188
1419.121094,-0.207233,-0.098977,-1.617013
1419.122266,-0.195470,-0.087470,-1.595014
1419.123437,-0.174316,-0.075387,-0.813258
1419.124609,-0.153266,-0.071094,0.634871
1419.125781,-0.130398,-0.048003,0.615569
1419.126953,-0.116678,-0.037294,0.876443
1419.128125,-0.107437,-0.034376,1.424623
1419.129297,-0.094697,-0.023399,1.577653
1419.130469,-0.099434,-0.011932,0.173635
1419.131641,-0.097342,0.000470,-0.716949
1419.132812,-0.078814,0.014947,-0.367235
1419.133984,-0.066397,0.031668,-0.738810
1419.135156,-0.056072,0.035470,-0.175577
1419.136328,-0.041183,0.045793,0.219117
1419.137500,-0.032592,0.050440,0.560470
1419.138672,-0.025633,0.057222,0.575775
1419.139844,-0.009185,0.064728,1.350770
1419.141016,0.001695,0.078718,1.081100
1419.142187,0.012763,0.100689,0.136994
1419.143359,0.023618,0.119628,-0.561475
1419.144531,0.039622,0.136496,-0.636014
1419.145703,0.056141,0.136626,0.781048
1419.146875,0.060593,0.131738,1.591016
1419.148047,0.076336,0.142112,2.057439
1419.149219,0.096184,0.163495,1.923963
1419.150391,0.099511,0.189407,-0.033260
1419.151562,0.095732,0.199892,-1.264238
1419.152734,0.113770,0.204457,-0.101746
1419.153906,0.123067,0.208157,0.382266
1419.155078,0.124367,0.210866,0.260418
1419.156250,0.127618,0.213601,0.305032
1419.157422,0.134772,0.227024,-0.236957
1419.158594,0.145306,0.234667,0.012884
1419.159766,0.163752,0.236363,1.463800
1419.160938,0.174946,0.252728,1.015310
1419.162109,0.169276,0.273563,-1.275203
1419.163281,0.180155,0.284856,-1.310884
1419.164453,0.206535,0.295703,0.029583
1419.165625,0.221842,0.298342,1.126399
1419.166797,0.212571,0.307668,-0.482687
1419.167969,0.218995,0.318185,-0.835850
1419.169141,0.237657,0.326740,0.037007
1419.170312,0.247490,0.338351,-0.116731
1419.171484,0.249142,0.345563,-0.597019
1419.172656,0.255603,0.350976,-0.506490
1419.173828,0.259273,0.355415,-0.572851
1419.175000,0.257436,0.369475,-1.942489
1419.176172,0.259541,0.375922,-2.315709
1419.177344,0.273914,0.377055,-1.176518
1419.178516,0.297694,0.379070,0.703791
1419.179688,0.316241,0.392835,1.118221
1419.180859,0.320854,0.392704,1.529795
1419.182031,0.332303,0.390428,2.722989
1419.183203,0.345046,0.396939,3.266006
1419.184375,0.354214,0.408233,3.080767
1419.185547,0.371079,0.434322,2.277606
1419.186719,0.374617,0.444788,1.675561
1419.187891,0.365262,0.442988,1.020039
1419.189062,0.379400,0.450027,1.635973
1419.190234,0.396678,0.464449,1.884032
1419.191406,0.386046,0.466905,0.748633
1419.192578,0.380025,0.463903,0.487210
1419.193750,0.383639,0.481244,-0.699039
1419.194922,0.394966,0.493722,-0.798364
1419.196094,0.400068,0.495005,-0.468866
1419.197266,0.403070,0.495305,-0.235404
1419.198437,0.410430,0.514934,-1.293957
1419.199609,0.416986,0.525446,-1.634557
1419.200781,0.418638,0.515305,-0.618173
1419.201953,0.428316,0.511401,0.555901
1419.203125,0.442070,0.526853,0.408856
1419.204297,0.450105,0.545692,-0.524902
1419.205469,0.452515,0.556854,-1.279703
1419.206641,0.467250,0.574253,-1.509236
1419.207813,0.497568,0.593961,-0.594530
1419.208984,0.486675,0.574691,0.129250
1419.210156,0.481703,0.564248,0.602571
1419.211328,0.492298,0.580208,0.138410
1419.212500,0.486718,0.578814,-0.223457
1419.213672,0.488761,0.577301,0.083813
1419.214844,0.489925,0.589073,-0.832241
1419.216016,0.496848,0.591507,-0.444789
1419.217187,0.511784,0.588485,1.109015
1419.218359,0.504538,0.594233,-0.015899
1419.219531,0.504112,0.597746,-0.356339
1419.220703,0.521674,0.608143,0.263022
1419.221875,0.535598,0.624375,0.063368
1419.223047,0.536881,0.624346,0.176879
1419.224219,0.530436,0.625727,-0.499408
1419.225391,0.527222,0.632069,-1.323471
1419.226562,0.535365,0.636174,-0.975494
1419.227734,0.548944,0.633082,0.464709
1419.228906,0.562971,0.641880,0.917653
1419.230078,0.568397,0.639631,1.583250
1419.231250,0.562006,0.633072,1.597870
1419.232422,0.561389,0.637461,1.163497
1419.233594,0.560617,0.641967,0.706121
1419.234766,0.576296,0.645882,1.726411
1419.235937,0.587314,0.661001,1.370347
1419.237109,0.587953,0.669921,0.652552
1419.238281,0.592302,0.675467,0.548956
1419.239453,0.586465,0.679765,-0.327487
1419.240625,0.572321,0.669333,-0.647961
1419.241797,0.580508,0.669265,0.065150
1419.242969,0.607714,0.688851,0.724579
1419.244141,0.620389,0.691684,1.577881
1419.245312,0.610168,0.688305,0.984494
1419.246484,0.607392,0.704311,-0.639920
1419.247656,0.620655,0.719163,-0.777073
1419.248828,0.626059,0.719880,-0.372466
1419.250000,0.612764,0.719198,-1.460145
1419.251172,0.609158,0.707321,-0.747285
1419.252344,0.618161,0.699772,0.683529
1419.253516,0.627019,0.697888,1.614980
1419.254688,0.631670,0.706375,1.282079
1419.255859,0.632906,0.720750,0.144052
1419.257031,0.627178,0.724567,-0.680490
1419.258203,0.638325,0.723621,0.364517
1419.259375,0.651485,0.713369,2.395822
1419.260547,0.648527,0.715677,1.937921
1419.261719,0.637573,0.726958,0.010782
1419.262891,0.632907,0.725561,-0.271611
1419.264062,0.639029,0.727305,0.106703
1419.265234,0.639268,0.736149,-0.636630
1419.266406,0.651192,0.743152,-0.211738
1419.267578,0.666446,0.744238,1.014328
1419.268750,0.665574,0.739129,1.381883
1419.269922,0.663736,0.746935,0.546010
1419.271094,0.662228,0.752512,-0.066932
1419.272266,0.656589,0.750439,-0.374888
1419.273438,0.656292,0.744968,0.072186
1419.274609,0.657621,0.738706,0.729056
1419.275781,0.662739,0.744908,0.635146
1419.276953,0.678089,0.771559,-0.342107
1419.278125,0.679838,0.781122,-1.016452
1419.279297,0.678884,0.775689,-0.630051
1419.280469,0.682185,0.755976,1.361300
1419.281641,0.687194,0.743734,2.861033
1419.282812,0.693766,0.748180,3.046227
1419.283984,0.696996,0.756739,2.582204
1419.285156,0.689821,0.766177,1.138894
1419.286328,0.683003,0.768226,0.370799
1419.287500,0.698081,0.764174,2.029821
1419.288672,0.707231,0.755493,3.582779
1419.289844,0.702703,0.766098,2.264448
1419.291016,0.696281,0.786259,-0.040365
1419.292187,0.684841,0.793502,-1.651872
1419.293359,0.680955,0.794958,-2.111418
1419.294531,0.683200,0.790093,-1.499642
1419.295703,0.683379,0.781937,-0.781299
1419.296875,0.681163,0.792512,-1.883119
1419.298047,0.677043,0.800928,-2.959878
1419.299219,0.678703,0.802779,-2.976188
1419.300391,0.687058,0.804134,-2.375377
1419.301563,0.700316,0.805995,-1.395155
1419.302734,0.706936,0.794849,0.138113
1419.303906,0.710495,0.784622,1.332198
1419.305078,0.708833,0.787858,0.907534
1419.306250,0.697850,0.792506,-0.444606
1419.307422,0.689834,0.792413,-1.128044
1419.308594,0.684839,0.778164,-0.329589
1419.309766,0.679282,0.778625,-0.849008
1419.310937,0.674756,0.791856,-2.377524
1419.312109,0.684257,0.796195,-1.933854
1419.313281,0.698338,0.791645,-0.328058
1419.314453,0.703575,0.790963,0.183526
1419.315625,0.694037,0.791436,-0.681358
1419.316797,0.687231,0.794713,-1.550400
1419.317969,0.686874,0.795079,-1.612604
1419.319141,0.689000,0.792575,-1.213890
1419.320312,0.692627,0.786211,-0.351975
1419.321484,0.690803,0.775107,0.450317
1419.322656,0.684991,0.787739,-1.142641
1419.323828,0.682957,0.801551,-2.505791
1419.325000,0.683914,0.802988,-2.546979
1419.326172,0.693853,0.800310,-1.462132
1419.327344,0.694457,0.795679,-1.011084
1419.328516,0.688840,0.781663,-0.286231
1419.329687,0.688874,0.771375,0.606431
1419.330859,0.685220,0.761399,1.154268
1419.332031,0.690515,0.764588,1.336881
1419.333203,0.705680,0.776294,1.637161
1419.334375,0.707217,0.784239,1.081100
1419.335547,0.689400,0.786145,-0.624820
1419.336719,0.687916,0.796951,-1.684059
1419.337891,0.694179,0.792802,-0.786965
1419.339062,0.686586,0.782303,-0.536187
1419.340234,0.681507,0.777574,-0.566340
1419.341406,0.684097,0.772080,0.132059
1419.342578,0.688970,0.777971,0.043974
1419.343750,0.693683,0.776895,0.544890
1419.344922,0.694177,0.773551,0.877220
1419.346094,0.689519,0.778327,0.060764
1419.347266,0.684827,0.772651,0.145765
1419.348438,0.683518,0.774982,-0.168906
1419.349609,0.673780,0.777057,-1.188191
1419.350781,0.668065,0.768658,-0.956785
1419.351953,0.666265,0.761242,-0.472293
1419.353125,0.666079,0.768253,-1.093093
1419.354297,0.661787,0.759465,-0.705367
1419.355469,0.658654,0.750358,-0.189625
1419.356641,0.659507,0.758039,-0.779061
1419.357812,0.667925,0.753609,0.330868
1419.358984,0.674505,0.761674,0.202441
1419.360156,0.678332,0.759318,0.737668
1419.361328,0.672497,0.749236,1.105611
1419.362500,0.672525,0.754875,0.619429
1419.363672,0.688744,0.760872,1.505627
1419.364844,0.692053,0.758028,2.040123
1419.366016,0.668909,0.753526,0.423179
1419.367188,0.659215,0.752526,-0.328355
1419.368359,0.669961,0.750124,0.808963
1419.369531,0.661914,0.743748,0.664180
1419.370703,0.656682,0.735660,0.911508
1419.371875,0.652811,0.736727,0.483943
1419.373047,0.650665,0.735584,0.397114
1419.374219,0.656743,0.738410,0.678571
1419.375391,0.648898,0.740894,-0.214776
1419.376562,0.651485,0.732183,0.762545
1419.377734,0.644919,0.725850,0.742397
1419.378906,0.633184,0.723866,-0.101243
1419.380078,0.640634,0.720959,0.794891
1419.381250,0.645818,0.724018,0.979011
1419.382422,0.633218,0.727094,-0.377263
1419.383594,0.633455,0.725392,-0.209773
1419.384766,0.634257,0.721281,0.214936
1419.385937,0.638153,0.717965,0.839277
1419.387109,0.634565,0.716000,0.698742
1419.388281,0.632017,0.717019,0.389919
1419.389453,0.639204,0.713179,1.345424
1419.390625,0.627756,0.719103,-0.158764
1419.391797,0.631588,0.726268,-0.446662
1419.392969,0.632890,0.716553,0.505805
1419.394141,0.620893,0.716146,-0.496119
1419.395313,0.619089,0.719601,-0.949863
1419.396484,0.616557,0.717019,-0.945568
1419.397656,0.615354,0.695607,0.801082
1419.398828,0.620059,0.691366,1.576968
1419.400000,0.625194,0.701995,1.100311
1419.401172,0.621816,0.698356,1.122995
1419.402344,0.611517,0.692261,0.758593
1419.403516,0.604200,0.698492,-0.413174
1419.404687,0.596747,0.700406,-1.221154
1419.405859,0.595115,0.691992,-0.636265
1419.407031,0.606890,0.692720,0.318349
1419.408203,0.607144,0.687727,0.772527
1419.409375,0.590174,0.691491,-1.019262
1419.410547,0.590633,0.694835,-1.267915
1419.411719,0.599946,0.683743,0.494246
1419.412891,0.587143,0.680515,-0.333700
1419.414062,0.579618,0.680660,-0.995596
1419.415234,0.579796,0.675514,-0.536278
1419.416406,0.571828,0.672946,-1.002152
1419.417578,0.573016,0.680325,-1.535461
1419.418750,0.578814,0.679505,-0.965282
1419.419922,0.583774,0.669170,0.355904
1419.421094,0.580344,0.661750,0.701255
1419.422266,0.579258,0.665981,0.241046
1419.423437,0.577772,0.672686,-0.466811
1419.424609,0.570668,0.659134,0.090324
1419.425781,0.562511,0.648362,0.316499
1419.426953,0.566131,0.646643,0.778718
1419.428125,0.558545,0.647311,0.064373
1419.429297,0.559261,0.661810,-1.125462
1419.430469,0.562427,0.665116,-1.137524
1419.431641,0.565886,0.645504,0.856135
1419.432812,0.561424,0.642092,0.765240
1419.433984,0.558310,0.654744,-0.598093
1419.435156,0.556069,0.651912,-0.547038
1419.436328,0.554321,0.647486,-0.315791
1419.437500,0.543029,0.636176,-0.314238
1419.438672,0.545090,0.631073,0.305032
1419.439844,0.557770,0.632924,1.243107
1419.441016,0.552074,0.628473,1.135171
1419.442188,0.549256,0.624455,1.239224
1419.443359,0.547056,0.627427,0.790940
1419.444531,0.539701,0.628475,0.063642
1419.445703,0.536755,0.607793,1.600291
1419.446875,0.541040,0.605728,2.151943
1419.448047,0.532035,0.612060,0.820888
1419.449219,0.516558,0.609516,-0.297973
1419.450391,0.512388,0.607671,-0.498700
1419.451562,0.524242,0.611591,0.186953
1419.452734,0.523793,0.622469,-0.791511
1419.453906,0.513440,0.618422,-1.335099
1419.455078,0.512453,0.613210,-0.971016
1419.456250,0.509208,0.609925,-0.967521
1419.457422,0.503206,0.609990,-1.490276
1419.458594,0.505763,0.611405,-1.391888
1419.459766,0.505489,0.605175,-0.878636
1419.460938,0.503906,0.594265,-0.073420
1419.462109,0.514942,0.595101,0.809283
1419.463281,0.510997,0.597142,0.291051
1419.464453,0.499092,0.592869,-0.368674
1419.465625,0.494942,0.590830,-0.550921
1419.466797,0.498018,0.588623,-0.094573
1419.467969,0.494271,0.585881,-0.181447
1419.469141,0.478864,0.586917,-1.599606
1419.470312,0.480675,0.582696,-1.079935
1419.471484,0.491428,0.573642,0.631262
1419.472656,0.492177,0.577543,0.358440
1419.473828,0.497456,0.576271,0.925672
1419.475000,0.495294,0.562180,1.960970
1419.476172,0.481604,0.560170,0.947259
1419.477344,0.483404,0.570154,0.238671
1419.478516,0.498236,0.573384,1.243633
1419.479687,0.497342,0.556908,2.597554
1419.480859,0.488859,0.550141,2.448180
1419.482031,0.478931,0.563398,0.436269
1419.483203,0.477579,0.565619,0.127125
1419.484375,0.469413,0.557319,0.138684
1419.485547,0.470754,0.560651,-0.033352
1419.486719,0.469088,0.567399,-0.760055
1419.487891,0.458024,0.564352,-1.451076
1419.489063,0.462718,0.546971,0.454749
1419.490234,0.466438,0.539195,1.451053
1419.491406,0.462431,0.546168,0.499431
1419.492578,0.457309,0.546696,0.010668
1419.493750,0.450636,0.543181,-0.262268
1419.494922,0.451619,0.540294,0.072163
1419.496094,0.453168,0.540734,0.168152
1419.497266,0.438836,0.538911,-0.912148
1419.498437,0.428297,0.526244,-0.728645
1419.499609,0.432665,0.526657,-0.387246
1419.500781,0.445788,0.544466,-0.791716
1419.501953,0.447965,0.536428,0.090552
1419.503125,0.442264,0.524288,0.647710
1419.504297,0.436703,0.526691,-0.041324
1419.505469,0.435075,0.533610,-0.779381
1419.506641,0.439801,0.535900,-0.569082
1419.507812,0.436379,0.526937,-0.090575
1419.508984,0.428713,0.517085,0.098365
1419.510156,0.424123,0.517577,-0.340736
1419.511328,0.435763,0.525253,0.001782
1419.512500,0.435252,0.522543,0.191818
1419.513672,0.429881,0.521141,-0.151294
1419.514844,0.424896,0.523728,-0.804965
1419.516016,0.419344,0.509726,-0.075361
1419.517187,0.422159,0.495205,1.426017
1419.518359,0.410686,0.500418,-0.019189
1419.519531,0.405854,0.512737,-1.498774
1419.520703,0.422008,0.510605,0.078948
1419.521875,0.421108,0.498833,1.020221
1419.523047,0.402771,0.501004,-0.753339
1419.524219,0.406289,0.503768,-0.688257
1419.525391,0.415001,0.497327,0.621554
1419.526562,0.414861,0.492706,1.009805
1419.527734,0.409917,0.494356,0.438690
1419.528906,0.398356,0.489178,-0.113350
1419.530078,0.400577,0.484768,0.460095
1419.531250,0.417741,0.489557,1.532765
1419.532422,0.428133,0.497968,1.704732
1419.533594,0.407798,0.488935,0.724579
1419.534766,0.384452,0.476979,-0.260715
1419.535938,0.391730,0.488068,-0.589732
1419.537109,0.410488,0.494234,0.498677
1419.538281,0.416149,0.494438,0.971267
1419.539453,0.409391,0.492489,0.554667
1419.540625,0.390994,0.491717,-0.968092
1419.541797,0.385869,0.485955,-0.913130
1419.542969,0.388125,0.491277,-1.177477
1419.544141,0.402820,0.500382,-0.695339
1419.545312,0.411434,0.497329,0.312684
1419.546484,0.393832,0.485630,-0.197781
1419.547656,0.382111,0.478481,-0.592519
1419.548828,0.399840,0.474271,1.305836
1419.550000,0.413522,0.466155,3.201450
1419.551172,0.407979,0.469893,2.393241
1419.552344,0.398812,0.482981,0.461991
1419.553516,0.398658,0.477486,0.924529
1419.554688,0.393830,0.474602,0.756149
1419.555859,0.392513,0.468467,1.173662
1419.557031,0.394380,0.463245,1.789003
1419.558203,0.384327,0.475198,-0.117576
1419.559375,0.385365,0.470566,0.372717
1419.560547,0.391841,0.466816,1.258618
1419.561719,0.393093,0.471584,0.953746
1419.562891,0.400325,0.466680,2.007046
1419.564062,0.393110,0.462259,1.764309
1419.565234,0.377873,0.465471,0.165320
1419.566406,0.381646,0.473970,-0.243171
1419.567578,0.380576,0.478957,-0.766086
1419.568750,0.370627,0.478836,-1.612992
1419.569922,0.384508,0.476409,-0.206621
1419.571094,0.394135,0.472737,0.944175
1419.572266,0.390452,0.478814,0.099301
1419.573437,0.387006,0.490819,-1.234450
1419.574609,0.381130,0.488916,-1.576511
1419.575781,0.388286,0.493926,-1.391728
1419.576953,0.395143,0.493400,-0.755440
1419.578125,0.385009,0.480258,-0.495708
1419.579297,0.378214,0.463855,0.334637
1419.580469,0.390330,0.463579,1.408358
1419.581641,0.391483,0.467344,1.181795
1419.582813,0.383519,0.466061,0.602913
1419.583984,0.377150,0.471613,-0.427908
1419.585156,0.371000,0.458789,0.148895
1419.586328,0.363977,0.448830,0.402803
1419.587500,0.371374,0.460998,-0.009823
1419.588672,0.382023,0.467447,0.353415
1419.589844,0.380479,0.475181,-0.448513
1419.591016,0.372664,0.472823,-0.919458
1419.592187,0.378130,0.460613,0.607916
1419.593359,0.383571,0.455337,1.537151
1419.594531,0.381510,0.455621,1.333637
1419.595703,0.386259,0.454624,1.832360
1419.596875,0.392558,0.462911,1.659753
1419.598047,0.392621,0.477332,0.415047
1419.599219,0.389221,0.476693,0.176307
1419.600391,0.389790,0.467154,1.051494
1419.601562,0.379947,0.477644,-0.707080
1419.602734,0.371760,0.491079,-2.567972
1419.603906,0.380728,0.483753,-1.166489
1419.605078,0.389216,0.468122,0.917836
1419.606250,0.394418,0.481392,0.219368
1419.607422,0.398744,0.475388,1.113903
1419.608594,0.394505,0.456661,2.372225
1419.609766,0.391744,0.458531,1.969491
1419.610937,0.392714,0.463961,1.582107
1419.612109,0.385209,0.480785,-0.523988
1419.613281,0.385978,0.483407,-0.683917
1419.614453,0.381579,0.476088,-0.431883
1419.615625,0.379680,0.484015,-1.279406
1419.616797,0.387561,0.486498,-0.814012
1419.617969,0.391100,0.481225,-0.053203
1419.619141,0.391341,0.484642,-0.327533
1419.620312,0.395517,0.486863,-0.158649
1419.621484,0.390378,0.490427,-0.909978
1419.622656,0.391947,0.501561,-1.733858
1419.623828,0.397975,0.490995,-0.303318
1419.625000,0.404388,0.489966,0.340028
1419.626172,0.409013,0.484184,1.241691
1419.627344,0.398701,0.469913,1.585168
1419.628516,0.397653,0.470451,1.447490
1419.629688,0.389748,0.475453,0.329040
1419.630859,0.379577,0.484747,-1.351318
1419.632031,0.385402,0.492508,-1.518077
1419.633203,0.407560,0.499013,-0.167901
1419.634375,0.409758,0.496827,0.211121
1419.635547,0.396172,0.507638,-1.893193
1419.636719,0.396101,0.510955,-2.184495
1419.637891,0.399119,0.503159,-1.253958
1419.639062,0.410913,0.505528,-0.441043
1419.640234,0.415312,0.500122,0.406549
1419.641406,0.407494,0.491783,0.451597
1419.642578,0.411005,0.487382,1.137090
1419.643750,0.412908,0.498293,0.356841
1419.644922,0.405491,0.514141,-1.650867
1419.646094,0.402412,0.517455,-2.200737
1419.647266,0.414713,0.508129,-0.337447
1419.648438,0.422879,0.499955,1.076417
1419.649609,0.413531,0.504052,-0.087400
1419.650781,0.416843,0.511426,-0.438233
1419.651953,0.426382,0.524226,-0.719690
1419.653125,0.426715,0.541353,-2.165946
1419.654297,0.432604,0.541923,-1.708547
1419.655469,0.432838,0.528354,-0.518826
1419.656641,0.423072,0.526076,-1.164616
1419.657812,0.429878,0.522825,-0.297013
1419.658984,0.424471,0.517261,-0.283467
1419.660156,0.413726,0.528038,-2.137940
1419.661328,0.420369,0.532396,-1.941530
1419.662500,0.422252,0.530245,-1.594352
1419.663672,0.423279,0.530178,-1.500167
1419.664844,0.429112,0.540410,-1.878801
1419.666016,0.438495,0.530902,-0.250367
1419.667187,0.450741,0.532639,0.658697
1419.668359,0.455827,0.542632,0.233874
1419.669531,0.453534,0.548894,-0.505302
1419.670703,0.451009,0.534661,0.506787
1419.671875,0.440534,0.525924,0.356316
1419.673047,0.446211,0.531347,0.378360
1419.674219,0.451024,0.543878,-0.288950
1419.675391,0.443848,0.557982,-2.122657
1419.676563,0.440143,0.548916,-1.661489
1419.677734,0.454504,0.538353,0.489746
1419.678906,0.472100,0.536261,2.197790
1419.680078,0.477688,0.539628,2.390979
1419.681250,0.472946,0.545116,1.501995
1419.682422,0.469045,0.549208,0.808963
1419.683594,0.464393,0.545875,0.694653
1419.684766,0.467841,0.549723,0.660022
1419.685937,0.474250,0.567941,-0.361250
1419.687109,0.475946,0.569390,-0.339914
1419.688281,0.470520,0.563167,-0.271109
1419.689453,0.483884,0.565442,0.688097
1419.690625,0.493498,0.571807,0.969577
1419.691797,0.481800,0.574661,-0.289544
1419.692969,0.467516,0.574973,-1.548185
1419.694141,0.475374,0.575196,-0.890378
1419.695312,0.502241,0.577038,1.274129
1419.696484,0.519500,0.585546,2.033955
1419.697656,0.519403,0.592690,1.405092
1419.698828,0.507852,0.592449,0.425029
1419.700000,0.497954,0.581915,0.480014
1419.701172,0.495927,0.583797,0.141836
1419.702344,0.492637,0.596622,-1.249161
1419.703516,0.497679,0.604819,-1.520886
1419.704687,0.505689,0.606526,-0.977892
1419.705859,0.513936,0.604037,-0.051101
1419.707031,0.503683,0.602777,-0.827581
1419.708203,0.496300,0.609245,-2.020409
1419.709375,0.511724,0.590272,0.948789
1419.710547,0.524375,0.582770,2.699506
1419.711719,0.525333,0.601015,1.197328
1419.712891,0.524932,0.610408,0.348937
1419.714062,0.529885,0.608176,0.971199
1419.715234,0.540373,0.617180,1.099763
1419.716406,0.546670,0.628137,0.696047
1419.717578,0.538519,0.619340,0.751968
1419.718750,0.530013,0.612925,0.570795
1419.719922,0.528370,0.621213,-0.288013
1419.721094,0.533926,0.637833,-1.242468
1419.722266,0.538924,0.640954,-1.080689
1419.723438,0.549974,0.640358,-0.075544
1419.724609,0.567383,0.638635,1.581696
1419.725781,0.583420,0.641538,2.723606
1419.726953,0.584449,0.650720,2.014355
1419.728125,0.572223,0.648394,1.154953
1419.729297,0.560022,0.643548,0.517729
1419.730469,0.561531,0.654171,-0.270423
1419.731641,0.563950,0.662281,-0.761745
1419.732812,0.565745,0.653663,0.137679
1419.733984,0.559264,0.660977,-1.053413
1419.735156,0.560864,0.663794,-1.158266
1419.736328,0.574041,0.662821,0.063117
1419.737500,0.582147,0.673609,-0.168655
1419.738672,0.581417,0.684188,-1.144628
1419.739844,0.583449,0.683702,-0.927522
1419.741016,0.578541,0.680129,-1.042654
1419.742188,0.582919,0.682290,-0.851452
1419.743359,0.583950,0.680638,-0.619932
1419.744531,0.575648,0.685318,-1.738678
1419.745703,0.593762,0.701697,-1.589372
1419.746875,0.605353,0.700106,-0.452899
1419.748047,0.602110,0.696811,-0.448399
1419.749219,0.607455,0.696899,0.005757
1419.750391,0.611893,0.695347,0.523920
1419.751562,0.605462,0.696052,-0.093362
1419.752734,0.602112,0.705753,-1.219578
1419.753906,0.617642,0.720444,-1.147232
1419.755078,0.636526,0.724138,0.164155
1419.756250,0.638154,0.724484,0.275038
1419.757422,0.638258,0.725588,0.188529
1419.758594,0.641417,0.722801,0.703151
1419.759766,0.629638,0.730155,-0.950206
1419.760937,0.625565,0.725721,-0.919161
1419.762109,0.626782,0.720837,-0.392637
1419.763281,0.633902,0.734437,-0.951805
1419.764453,0.639132,0.745598,-1.462978
1419.765625,0.642529,0.733659,-0.140009
1419.766797,0.655954,0.718930,2.300792
1419.767969,0.658978,0.732535,1.381586
1419.769141,0.647064,0.754558,-1.551428
1419.770313,0.640825,0.766624,-3.123964
1419.771484,0.649722,0.761850,-1.950142
1419.772656,0.669567,0.753467,0.485314
1419.773828,0.669520,0.752412,0.572531
1419.775000,0.670655,0.750821,0.808598
1419.776172,0.671723,0.764303,-0.265215
1419.777344,0.672950,0.772841,-0.896317
1419.778516,0.679375,0.765635,0.281091
1419.779687,0.683551,0.761150,1.031141
1419.780859,0.695413,0.764384,1.779797
1419.782031,0.697219,0.765324,1.854952
1419.783203,0.684459,0.777407,-0.297082
1419.784375,0.678248,0.784454,-1.440522
1419.785547,0.683527,0.784893,-1.023465
1419.786719,0.690825,0.800546,-1.743132
1419.787891,0.696062,0.803594,-1.554718
1419.789062,0.693951,0.792426,-0.774195
1419.790234,0.696511,0.798033,-1.036897
1419.791406,0.701510,0.797946,-0.598230
1419.792578,0.709363,0.790972,0.683620
1419.793750,0.715456,0.792062,1.117216
1419.794922,0.705152,0.800473,-0.502035
1419.796094,0.703680,0.810834,-1.522211
1419.797266,0.718945,0.817915,-0.816799
1419.798437,0.722900,0.820103,-0.664477
1419.799609,0.718268,0.825512,-1.529910
1419.800781,0.715854,0.824434,-1.644882
1419.801953,0.724976,0.819270,-0.413311
1419.803125,0.739245,0.817686,0.958109
1419.804297,0.746855,0.828481,0.682226
1419.805469,0.742843,0.837792,-0.469872
1419.806641,0.743317,0.837258,-0.382791
1419.807812,0.755606,0.840553,0.394693
1419.808984,0.761419,0.848768,0.186884
1419.810156,0.766271,0.855680,0.008726
1419.811328,0.757166,0.863702,-1.468917
1419.812500,0.753587,0.868925,-2.226116
1419.813672,0.770038,0.869878,-0.891886
1419.814844,0.776781,0.866484,-0.016653
1419.816016,0.766327,0.868327,-1.078176
1419.817188,0.768311,0.875439,-1.519927
1419.818359,0.773484,0.867200,-0.363374
1419.819531,0.772396,0.859808,0.181493
1419.820703,0.775538,0.863066,0.171442
1419.821875,0.783649,0.862028,0.963478
1419.823047,0.785971,0.865224,0.887705
1419.824219,0.783727,0.871758,0.127947
1419.825391,0.784584,0.879525,-0.469118
1419.826562,0.786946,0.886526,-0.869476
1419.827734,0.797547,0.897437,-0.896157
1419.828906,0.801944,0.895326,-0.334546
1419.830078,0.795850,0.889228,-0.334226
1419.831250,0.801608,0.888514,0.225216
1419.832422,0.802958,0.896731,-0.368286
1419.833594,0.802556,0.898319,-0.540139
1419.834766,0.813698,0.891300,1.030821
1419.835938,0.817576,0.896976,0.875004
1419.837109,0.823010,0.906858,0.489791
1419.838281,0.833844,0.906587,1.452310
1419.839453,0.836645,0.905506,1.789368
1419.840625,0.833214,0.910311,1.074658
1419.841797,0.829630,0.916799,0.202486
1419.842969,0.823478,0.922172,-0.793110
1419.844141,0.819475,0.936541,-2.374600
1419.845312,0.825620,0.941512,-2.273677
1419.846484,0.830138,0.946649,-2.326948
1419.847656,0.829378,0.954115,-3.032909
1419.848828,0.825850,0.950457,-3.021785
1419.850000,0.825771,0.959403,-3.794929
1419.851172,0.835432,0.957775,-2.827522
1419.852344,0.847335,0.949690,-1.108741
1419.853516,0.856091,0.940771,0.417857
1419.854687,0.863144,0.941630,0.954203
1419.855859,0.866150,0.952986,0.231292
1419.857031,0.856319,0.950059,-0.365407
1419.858203,0.856989,0.951455,-0.428136
1419.859375,0.874258,0.959951,0.330183
1419.860547,0.877678,0.958450,0.756126
1419.861719,0.880468,0.951501,1.600634
1419.862891,0.891731,0.963534,1.533907
1419.864063,0.900728,0.971125,1.655938
1419.865234,0.893518,0.979514,0.303935
1419.866406,0.877453,0.976614,-0.833337
1419.867578,0.883762,0.975358,-0.180214
1419.868750,0.892241,0.982787,-0.089502
1419.869922,0.887791,0.985891,-0.741848
1419.871094,0.892136,0.987548,-0.509871
1419.872266,0.889609,0.987440,-0.718594
1419.873437,0.887183,0.976958,-0.022889
1419.874609,0.886185,0.975093,0.052061
1419.875781,0.879959,0.985567,-1.389033
1419.876953,0.890109,0.995555,-1.375052
1419.878125,0.902595,0.995604,-0.302359
1419.879297,0.903060,0.997941,-0.464001
1419.880469,0.904417,1.000682,-0.583542
1419.881641,0.912610,1.002969,-0.073328
1419.882812,0.919408,1.013478,-0.393939
1419.883984,0.923368,1.017784,-0.423887
1419.885156,0.920857,0.998391,1.036760
1419.886328,0.914252,0.994477,0.803549
1419.887500,0.904631,1.005778,-1.004642
1419.888672,0.903759,1.008592,-1.322283
1419.889844,0.912178,1.004503,-0.243239
1419.891016,0.922938,1.006843,0.484880
1419.892187,0.932831,1.009219,1.136107
1419.893359,0.929930,1.013624,0.503086
1419.894531,0.921121,1.027937,-1.493086
1419.895703,0.923516,1.031954,-1.632683
1419.896875,0.935545,1.033823,-0.757177
1419.898047,0.936989,1.039223,-1.098301
1419.899219,0.929501,1.035031,-1.382294
1419.900391,0.939428,1.044035,-1.302843
1419.901562,0.949018,1.042304,-0.326299
1419.902734,0.943836,1.043858,-0.907602
1419.903906,0.949214,1.054522,-1.363242
1419.905078,0.953806,1.060028,-1.441847
1419.906250,0.967042,1.051271,0.456874
1419.907422,0.962378,1.043479,0.727708
1419.908594,0.942832,1.040548,-0.708702
1419.909766,0.954428,1.049847,-0.510442
1419.910938,0.965500,1.055831,-0.070975
1419.912109,0.959797,1.052696,-0.292833
1419.913281,0.963486,1.051595,0.121117
1419.914453,0.962955,1.047287,0.447896
1419.915625,0.961873,1.059567,-0.706783
1419.916797,0.958946,1.068261,-1.708113
1419.917969,0.953372,1.071474,-2.463531
1419.919141,0.965272,1.081455,-2.298645
1419.920312,0.984136,1.078572,-0.425578
1419.921484,0.993418,1.074868,0.697395
1419.922656,0.990162,1.072350,0.633569
1419.923828,0.986223,1.072564,0.274010
1419.925000,0.978029,1.049171,1.591268
1419.926172,0.992720,1.047847,2.984161
1419.927344,1.004540,1.071251,1.976184
1419.928516,0.995623,1.075077,0.870321
1419.929688,0.987004,1.063372,1.137798
1419.930859,0.996410,1.061119,2.150161
1419.932031,1.014970,1.065912,3.348974
1419.933203,1.017038,1.067647,3.378009
1419.934375,1.004536,1.067512,2.300861
1419.935547,0.992287,1.073441,0.723025
1419.936719,0.994164,1.084259,-0.050553
1419.937891,0.997446,1.084186,0.239584
1419.939062,1.005341,1.095000,-0.012861
1419.940234,1.004478,1.100021,-0.521224
1419.941406,0.995132,1.082086,0.221013
1419.942578,0.989264,1.064934,1.198334
1419.943750,0.987118,1.074330,0.198717
1419.944922,0.996314,1.091331,-0.475697
1419.946094,1.003085,1.096862,-0.368674
1419.947266,1.006489,1.099760,-0.324974
1419.948437,0.999290,1.103731,-1.288543
1419.949609,0.995339,1.105102,-1.746742
1419.950781,1.006039,1.106619,-0.955665
1419.951953,1.013724,1.097444,0.500870
1419.953125,1.010366,1.097148,0.235952
1419.954297,1.002091,1.098862,-0.627196
1419.955469,1.008788,1.107920,-0.830779
1419.956641,1.013995,1.106584,-0.266060
1419.957813,1.008682,1.090352,0.678366
1419.958984,1.009149,1.094750,0.338086
1419.960156,1.011429,1.103071,-0.184234
1419.961328,1.008472,1.108417,-0.900886
1419.962500,1.018153,1.109955,-0.197986
1419.963672,1.024014,1.107880,0.488261
1419.964844,1.016843,1.105183,0.101243
1419.966016,1.011970,1.100797,0.059074
1419.967187,1.009124,1.101399,-0.238945
1419.968359,1.008719,1.095805,0.209614
1419.969531,1.022002,1.089831,1.878984
1419.970703,1.027897,1.092270,2.179332
1419.971875,1.028008,1.093081,2.118500
1419.973047,1.026112,1.098801,1.457015
1419.974219,1.015070,1.102750,0.158284
1419.975391,1.014179,1.113663,-0.861229
1419.976562,1.020377,1.133802,-2.061687
1419.977734,1.028602,1.133781,-1.352003
1419.978906,1.032013,1.121925,-0.034745
1419.980078,1.034095,1.119222,0.379045
1419.981250,1.022171,1.122285,-0.915620
1419.982422,1.019617,1.128088,-1.635516
1419.983594,1.024780,1.115460,-0.101152
1419.984766,1.028865,1.117108,0.109604
1419.985937,1.030576,1.113584,0.562571
1419.987109,1.037075,1.111334,1.320684
1419.988281,1.031380,1.120389,0.043357
1419.989453,1.024261,1.122746,-0.775063
1419.990625,1.027891,1.117617,-0.018663
1419.991797,1.041531,1.107228,2.064269
1419.992969,1.041703,1.109367,1.893261
1419.994141,1.030555,1.119648,0.036116
1419.995312,1.021502,1.117165,-0.531550
1419.996484,1.015610,1.120944,-1.365389
1419.997656,1.024554,1.127370,-1.148420
1419.998828,1.027979,1.128602,-0.959412
1420.000000,1.027732,1.135177,-1.547179
1420.001172,1.035060,1.136706,-1.047680
1420.002344,1.047456,1.131702,0.455412
1420.003516,1.051704,1.122159,1.650867
1420.004688,1.046543,1.118397,1.529453
1420.005859,1.042258,1.115391,1.418364
1420.007031,1.037841,1.110814,1.432321
1420.008203,1.028337,1.112052,0.501305
1420.009375,1.029863,1.119553,-0.015602
1420.010547,1.031595,1.130088,-0.775748
1420.011719,1.023663,1.126686,-1.166307
1420.012891,1.028810,1.118609,-0.024968
1420.014062,1.033272,1.120821,0.169660
1420.015234,1.029056,1.127530,-0.774127
1420.016406,1.034884,1.123854,0.046738
1420.017578,1.031410,1.116561,0.376989
1420.018750,1.024261,1.119442,-0.489837
1420.019922,1.020349,1.127942,-1.559903
1420.021094,1.016818,1.133209,-2.316600
1420.022266,1.023655,1.128652,-1.336378
1420.023438,1.023610,1.127532,-1.243724
1420.024609,1.012004,1.118185,-1.438398
1420.025781,1.008513,1.113721,-1.354539
1420.026953,1.028580,1.114912,0.274855
1420.028125,1.042666,1.108238,2.075165
1420.029297,1.027259,1.101459,1.325870
1420.030469,1.020852,1.110733,-0.032027
1420.031641,1.025394,1.124911,-0.864062
1420.032812,1.020851,1.139742,-2.531353
1420.033984,1.023923,1.127164,-1.185107
1420.035156,1.034012,1.107005,1.430585
1420.036328,1.024333,1.102552,0.977390
1420.037500,1.008532,1.104796,-0.583428
1420.038672,1.008682,1.105342,-0.617602
1420.039844,1.013315,1.105203,-0.205525
1420.041016,1.017370,1.107335,-0.039314
1420.042187,1.024200,1.114471,-0.065767
1420.043359,1.019543,1.102221,0.591103
1420.044531,1.021177,1.098518,1.053459
1420.045703,1.018812,1.100909,0.641405
1420.046875,1.012720,1.091215,0.953472
1420.048047,1.016933,1.086868,1.696006
1420.049219,1.017178,1.092239,1.251125
1420.050391,1.011858,1.108440,-0.610863
1420.051563,1.013020,1.114553,-1.037880
1420.052734,1.022354,1.106247,0.485862
1420.053906,1.011886,1.100774,0.053751
1420.055078,0.996721,1.098930,-1.096131
1420.056250,0.999003,1.094324,-0.501990
1420.057422,1.003950,1.093310,0.012975
1420.058594,1.002642,1.094372,-0.191796
1420.059766,1.003976,1.089532,0.342016
1420.060937,0.992873,1.089190,-0.587973
1420.062109,0.982891,1.086925,-1.253478
1420.063281,0.984766,1.081199,-0.598002
1420.064453,0.987658,1.078544,-0.118856
1420.065625,0.984272,1.077711,-0.339480
1420.066797,0.985276,1.079696,-0.424139
1420.067969,0.995154,1.074947,0.841036
1420.069141,1.006842,1.069014,2.370831
1420.070312,1.008711,1.075953,1.930039
1420.071484,0.998882,1.083713,0.404721
1420.072656,0.986084,1.073985,0.139141
1420.073828,0.979969,1.072236,-0.238145
1420.075000,0.969302,1.063781,-0.429278
1420.076172,0.963941,1.053060,0.033831
1420.077344,0.971674,1.061569,-0.033260
1420.078516,0.975341,1.061104,0.324038
1420.079687,0.977842,1.053911,1.163725
1420.080859,0.969208,1.058957,-0.020628
1420.082031,0.962346,1.075170,-2.009947
1420.083203,0.959658,1.083237,-2.933585
1420.084375,0.955839,1.076476,-2.681231
1420.085547,0.950049,1.072530,-2.839423
1420.086719,0.951085,1.070535,-2.579325
1420.087891,0.964626,1.059532,-0.466080
1420.089062,0.968727,1.055317,0.252605
1420.090234,0.960348,1.054195,-0.374705
1420.091406,0.962791,1.051275,0.088725
1420.092578,0.970962,1.040646,1.717822
1420.093750,0.964165,1.033930,1.710786
1420.094922,0.954380,1.027974,1.378479
1420.096094,0.947313,1.022916,1.204182
1420.097266,0.940493,1.025964,0.349394
1420.098438,0.934016,1.028602,-0.438507
1420.099609,0.926782,1.028680,-1.069358
1420.100781,0.926673,1.028629,-1.074315
1420.101953,0.930339,1.038791,-1.633848
1420.103125,0.924110,1.029718,-1.389010
1420.104297,0.914823,1.012649,-0.718251
1420.105469,0.921049,1.017365,-0.587905
1420.106641,0.917682,1.014969,-0.671673
1420.107812,0.921957,1.020042,-0.740501
1420.108984,0.926035,1.029067,-1.167106
1420.110156,0.927347,1.019189,-0.201458
1420.111328,0.927307,1.013788,0.261926
1420.112500,0.924194,1.007483,0.538174
1420.113672,0.925991,0.997108,1.593392
1420.114844,0.920560,1.001765,0.718708
1420.116016,0.916309,1.011183,-0.463453
1420.117188,0.916123,1.002683,0.255141
1420.118359,0.900482,0.994656,-0.402985
1420.119531,0.896422,0.985728,0.017727
1420.120703,0.892892,0.990333,-0.684968
1420.121875,0.887843,1.007900,-2.631432
1420.123047,0.891736,1.013413,-2.770413
1420.124219,0.894082,1.002323,-1.615756
1420.125391,0.876167,0.998982,-2.868115
1420.126562,0.875345,0.998507,-2.897926
1420.127734,0.880319,0.992126,-1.922501
1420.128906,0.875002,0.990727,-2.259308
1420.130078,0.883102,0.986362,-1.186729
1420.131250,0.888446,0.970586,0.637681
1420.132422,0.885567,0.973679,0.120843
1420.133594,0.883780,0.985334,-1.039707
1420.134766,0.872810,0.980291,-1.550332
1420.135937,0.873344,0.969111,-0.540481
1420.137109,0.877521,0.965172,0.160728
1420.138281,0.875032,0.965477,-0.080752
1420.139453,0.864084,0.972190,-1.604037
1420.140625,0.869093,0.971285,-1.094715
1420.141797,0.875983,0.965223,0.023369
1420.142969,0.866501,0.959473,-0.299161
1420.144141,0.871813,0.961583,-0.022410
1420.145313,0.856531,0.964715,-1.610776
1420.146484,0.842639,0.951792,-1.694178
1420.147656,0.840215,0.938634,-0.769352
1420.148828,0.838917,0.935279,-0.591811
1420.150000,0.845418,0.931723,0.277162
1420.151172,0.835382,0.923712,0.102088
1420.152344,0.829246,0.919418,-0.057269
1420.153516,0.833724,0.925929,-0.232937
1420.154687,0.827471,0.925826,-0.763756
1420.155859,0.828119,0.923403,-0.498746
1420.157031,0.836092,0.924643,0.082991
1420.158203,0.835686,0.929800,-0.397731
1420.159375,0.830816,0.934672,-1.238082
1420.160547,0.820078,0.930922,-1.839761
1420.161719,0.816875,0.928544,-1.910645
1420.162891,0.821981,0.918000,-0.562251
1420.164062,0.815391,0.910798,-0.509414
1420.165234,0.791630,0.908586,-2.365120
1420.166406,0.790152,0.903796,-2.080465
1420.167578,0.799346,0.899056,-0.880692
1420.168750,0.797602,0.897717,-0.915643
1420.169922,0.789910,0.899313,-1.715766
1420.171094,0.792062,0.895130,-1.170213
1420.172266,0.796751,0.898307,-1.039936
1420.173437,0.795211,0.898227,-1.165667
1420.174609,0.778424,0.882309,-1.240617
1420.175781,0.763652,0.876401,-2.003596
1420.176953,0.769226,0.881434,-1.957018
1420.178125,0.767233,0.876797,-1.729586
1420.179297,0.762516,0.865712,-1.181224
1420.180469,0.759175,0.872399,-2.044418
1420.181641,0.770945,0.879465,-1.639742
1420.182812,0.781951,0.859896,1.001170
1420.183984,0.782820,0.851466,1.807963
1420.185156,0.770375,0.863259,-0.291531
1420.186328,0.768633,0.879626,-1.852462
1420.187500,0.771525,0.882280,-1.832109
1420.188672,0.763328,0.865442,-1.087999
1420.189844,0.752062,0.845309,-0.322827
1420.191016,0.744614,0.842250,-0.701803
1420.192188,0.736098,0.851126,-2.199458
1420.193359,0.731867,0.845238,-2.057050
1420.194531,0.731559,0.841977,-1.802983
1420.195703,0.726227,0.845717,-2.582683
1420.196875,0.728490,0.842712,-2.130196
1420.198047,0.734471,0.838981,-1.294460
1420.199219,0.729561,0.832505,-1.159545
1420.200391,0.724412,0.817779,-0.333266
1420.201562,0.724918,0.825117,-0.922885
1420.202734,0.729925,0.824322,-0.422197
1420.203906,0.736594,0.813429,1.097319
1420.205078,0.735163,0.810088,1.263027
1420.206250,0.728533,0.818682,-0.055190
1420.207422,0.711755,0.825400,-2.080625
1420.208594,0.699795,0.817291,-2.411584
1420.209766,0.699246,0.815022,-2.263740
1420.210938,0.700973,0.818751,-2.435730
1420.212109,0.699162,0.815310,-2.295721
1420.213281,0.702073,0.804686,-1.131036
1420.214453,0.692466,0.795369,-1.155936
1420.215625,0.688298,0.777346,0.039908
1420.216797,0.681424,0.771867,-0.080592
1420.217969,0.670921,0.776062,-1.348805
1420.219141,0.675809,0.781650,-1.409067
1420.220312,0.685400,0.781164,-0.540253
1420.221484,0.683226,0.773356,-0.053523
1420.222656,0.679099,0.769970,-0.117645
1420.223828,0.677940,0.767386,0.005551
1420.225000,0.665918,0.763483,-0.695636
1420.226172,0.656167,0.772029,-2.271141
1420.227344,0.651493,0.770899,-2.575465
1420.228516,0.656417,0.753885,-0.687275
1420.229687,0.660788,0.739408,0.942599
1420.230859,0.657292,0.738435,0.723985
1420.232031,0.651011,0.744929,-0.380827
1420.233203,0.650285,0.747673,-0.680376
1420.234375,0.655226,0.744279,0.039520
1420.235547,0.664693,0.747065,0.617625
1420.236719,0.647577,0.739833,-0.237300
1420.237891,0.639445,0.736731,-0.671627
1420.239063,0.659067,0.735713,1.113744
1420.240234,0.657108,0.741135,0.474303
1420.241406,0.642386,0.734061,-0.187113
1420.242578,0.631399,0.711089,0.849922
1420.243750,0.617383,0.694356,1.085440
1420.244922,0.626034,0.700142,1.333820
1420.246094,0.635580,0.703829,1.842411
1420.247266,0.629654,0.711785,0.638389
1420.248437,0.608455,0.713267,-1.320502
1420.249609,0.600904,0.715107,-2.128574
1420.250781,0.604013,0.712467,-1.634077
1420.251953,0.605477,0.700498,-0.476062
1420.253125,0.604426,0.695599,-0.143687
1420.254297,0.598331,0.695774,-0.685128
1420.255469,0.597167,0.688807,-0.184029
1420.256641,0.606318,0.688618,0.623838
1420.257812,0.602623,0.698527,-0.552337
1420.258984,0.587586,0.701317,-2.088026
1420.260156,0.571011,0.693485,-2.838761
1420.261328,0.572358,0.691639,-2.564797
1420.262500,0.581998,0.692740,-1.830852
1420.263672,0.584889,0.696724,-1.924945
1420.264844,0.584500,0.687991,-1.206672
1420.266016,0.582985,0.672978,-0.041758
1420.267187,0.576437,0.665803,0.012404
1420.268359,0.579269,0.669267,-0.042124
1420.269531,0.582176,0.672737,-0.090781
1420.270703,0.578329,0.674305,-0.558459
1420.271875,0.565161,0.670580,-1.372791
1420.273047,0.559086,0.675624,-2.329187
1420.274219,0.566791,0.667780,-0.991027
1420.275391,0.568791,0.637775,1.778654
1420.276562,0.565503,0.634481,1.779225
1420.277734,0.549713,0.642797,-0.308801
1420.278906,0.554835,0.638059,0.543817
1420.280078,0.553338,0.643925,-0.093042
1420.281250,0.546711,0.645446,-0.796513
1420.282422,0.546883,0.636972,-0.050050
1420.283594,0.545342,0.638971,-0.355927
1420.284766,0.531793,0.640864,-1.687234
1420.285938,0.529514,0.638504,-1.680198
1420.287109,0.532076,0.630204,-0.744247
1420.288281,0.536509,0.628056,-0.176033
1420.289453,0.544559,0.633282,0.068051
1420.290625,0.536898,0.629487,-0.265969
1420.291797,0.535238,0.627239,-0.215279
1420.292969,0.531616,0.623820,-0.232777
1420.294141,0.516489,0.614704,-0.751763
1420.295312,0.512771,0.625263,-1.981438
1420.296484,0.501736,0.633443,-3.630157
1420.297656,0.496778,0.626695,-3.476876
1420.298828,0.500631,0.621130,-2.669329
1420.300000,0.507881,0.600209,-0.243445
1420.301172,0.506311,0.592137,0.318646
1420.302344,0.504739,0.592211,0.176170
1420.303516,0.496894,0.590096,-0.319058
1420.304688,0.495110,0.593402,-0.758387
1420.305859,0.501913,0.589159,0.195770
1420.307031,0.492755,0.587000,-0.409062
1420.308203,0.487607,0.582728,-0.484697
1420.309375,0.497438,0.582997,0.341764
1420.310547,0.514682,0.585887,1.585854
1420.311719,0.505440,0.587324,0.659885
1420.312891,0.490855,0.584901,-0.391883
1420.314062,0.488632,0.595193,-1.471019
1420.315234,0.478985,0.594411,-2.233655
1420.316406,0.469012,0.581671,-1.995761
1420.317578,0.469643,0.584742,-2.205557
1420.318750,0.471914,0.580836,-1.674327
1420.319922,0.469637,0.573102,-1.204410
1420.321094,0.472213,0.569764,-0.694448
1420.322266,0.480154,0.570951,-0.111249
1420.323437,0.479234,0.565603,0.271588
1420.324609,0.474499,0.565737,-0.149329
1420.325781,0.478841,0.564058,0.371301
1420.326953,0.480945,0.570046,0.035339
1420.328125,0.476933,0.571793,-0.462219
1420.329297,0.471155,0.565837,-0.446868
1420.330469,0.474899,0.560754,0.316134
1420.331641,0.468148,0.559923,-0.195747
1420.332813,0.445290,0.560162,-2.186049
1420.333984,0.439759,0.549452,-1.740665
1420.335156,0.454572,0.545681,-0.138113
1420.336328,0.465795,0.556505,-0.103710
1420.337500,0.456733,0.563245,-1.466884
1420.338672,0.448548,0.556250,-1.569269
1420.339844,0.443244,0.549956,-1.484154
1420.341016,0.442113,0.546066,-1.246397
1420.342187,0.448884,0.551913,-1.166855
1420.343359,0.457356,0.562737,-1.369524
1420.344531,0.444398,0.555484,-1.860480
1420.345703,0.427926,0.550900,-2.881661
1420.346875,0.428429,0.549801,-2.744257
1420.348047,0.432732,0.542367,-1.735754
1420.349219,0.433011,0.537049,-1.253798
1420.350391,0.432495,0.533265,-0.972044
1420.351562,0.429156,0.538520,-1.712362
1420.352734,0.438279,0.544756,-1.463868
1420.353906,0.455741,0.534678,0.915118
1420.355078,0.456551,0.536536,0.824337
1420.356250,0.439243,0.538375,-0.830893
1420.357422,0.427761,0.538463,-1.827517
1420.358594,0.434305,0.536483,-1.093481
1420.359766,0.440274,0.530601,-0.070610
1420.360937,0.426719,0.522603,-0.550555
1420.362109,0.416414,0.532297,-2.273014
1420.363281,0.421547,0.531048,-1.724218
1420.364453,0.424447,0.515214,-0.108622
1420.365625,0.424821,0.509194,0.444355
1420.366797,0.427338,0.511083,0.498700
1420.367969,0.431159,0.526381,-0.493401
1420.369141,0.430070,0.539244,-1.696052
1420.370312,0.432521,0.534443,-1.071414
1420.371484,0.422398,0.537750,-2.227327
1420.372656,0.409774,0.540190,-3.519617
1420.373828,0.411203,0.535427,-2.988935
1420.375000,0.415066,0.535240,-2.641437
1420.376172,0.413182,0.537420,-2.990192
1420.377344,0.403870,0.540791,-4.076249
1420.378516,0.396466,0.534005,-4.129109
1420.379688,0.406565,0.523969,-2.403612
1420.380859,0.417735,0.523357,-1.390198
1420.382031,0.424020,0.523619,-0.871144
1420.383203,0.419318,0.526146,-1.494091
1420.384375,0.409739,0.537987,-3.333852
1420.385547,0.405284,0.543634,-4.198440
1420.386719,0.415048,0.540317,-3.078551
1420.387891,0.414428,0.532973,-2.501611
1420.389062,0.413221,0.534639,-2.748186
1420.390234,0.412189,0.540220,-3.315280
1420.391406,0.412382,0.543126,-3.547646
1420.392578,0.422239,0.545954,-2.945235
1420.393750,0.425590,0.549432,-2.956223
1420.394922,0.418791,0.557861,-4.259957
1420.396094,0.405720,0.568682,-6.296266
1420.397266,0.387025,0.571275,-8.101327
1420.398438,0.390669,0.568862,-7.588647
1420.399609,0.405777,0.562881,-5.798022
1420.400781,0.403053,0.556829,-5.514760
1420.401953,0.405052,0.568350,-6.324912
1420.403125,0.414446,0.578029,-6.349103
1420.404297,0.420375,0.579860,-6.000600
1420.405469,0.425789,0.583439,-5.844578
1420.406641,0.433983,0.579896,-4.844322
1420.407812,0.435224,0.590021,-5.601704
1420.408984,0.416244,0.601943,-8.223815
1420.410156,0.407735,0.597951,-8.605556
1420.411328,0.411251,0.602303,-8.676120
1420.412500,0.405179,0.596562,-8.704149
1420.413672,0.407820,0.592469,-8.134999
1420.414844,0.412974,0.586857,-7.223399
1420.416016,0.405755,0.585049,-7.681849
1420.417187,0.401341,0.588130,-8.316012
1420.418359,0.406841,0.595332,-8.459859
1420.419531,0.423792,0.592185,-6.757594
1420.420703,0.433484,0.595400,-6.207427
1420.421875,0.422369,0.593519,-6.991581
1420.423047,0.418086,0.586326,-6.744710
1420.424219,0.419980,0.581210,-6.149084
1420.425391,0.428309,0.581101,-5.430833
1420.426563,0.425606,0.578657,-5.452946
1420.427734,0.413800,0.587538,-7.211086
1420.428906,0.409858,0.591144,-7.850481
1420.430078,0.416533,0.574080,-5.835737
1420.431250,0.419458,0.562387,-4.589614
1420.432422,0.426495,0.565278,-4.235492
1420.433594,0.420232,0.566130,-4.843019
1420.434766,0.420943,0.566548,-4.817983
1420.435937,0.434987,0.561533,-3.187949
1420.437109,0.441287,0.555725,-2.148768
1420.438281,0.443095,0.557816,-2.173096
1420.439453,0.439100,0.576757,-4.139091
1420.440625,0.437895,0.582025,-4.692160
1420.441797,0.439862,0.575050,-3.927970
1420.442969,0.436705,0.569539,-3.726535
1420.444141,0.433980,0.573675,-4.313320
1420.445312,0.436054,0.573641,-4.133107
1420.446484,0.432827,0.560038,-3.244990
1420.447656,0.443667,0.561581,-2.447472
1420.448828,0.456002,0.560824,-1.321324
1420.450000,0.448947,0.561529,-1.989113
1420.451172,0.436237,0.563187,-3.222649
1420.452344,0.440086,0.571902,-3.639432
1420.453516,0.458725,0.584557,-3.126774
1420.454687,0.463778,0.583622,-2.613111
1420.455859,0.464622,0.571118,-1.465536
1420.457031,0.465898,0.567684,-1.059718
1420.458203,0.455622,0.570962,-2.226231
1420.459375,0.449879,0.573367,-2.925795
1420.460547,0.452846,0.569056,-2.300975
1420.461719,0.459981,0.571708,-1.915694
1420.462891,0.460808,0.572382,-1.902581
1420.464062,0.471524,0.572071,-0.952878
1420.465234,0.484095,0.574437,-0.071866
1420.466406,0.487314,0.577823,-0.086281
1420.467578,0.482422,0.573117,-0.102385
1420.468750,0.478371,0.575638,-0.669959
1420.469922,0.480651,0.577374,-0.622970
1420.471094,0.486381,0.581705,-0.502218
1420.472266,0.484386,0.584185,-0.888391
1420.473438,0.481097,0.590099,-1.681249
1420.474609,0.484574,0.598917,-2.140612
1420.475781,0.482352,0.598506,-2.296201
1420.476953,0.491113,0.590255,-0.831715
1420.478125,0.494611,0.574877,0.800031
1420.479297,0.492121,0.580631,0.086509
1420.480469,0.502206,0.592771,-0.091169
1420.481641,0.503655,0.592207,0.082854
1420.482812,0.501006,0.596982,-0.558528
1420.483984,0.509696,0.610551,-0.979423
1420.485156,0.516403,0.607762,-0.159746
1420.486328,0.513449,0.598862,0.354351
1420.487500,0.514503,0.603630,0.033123
1420.488672,0.515775,0.614541,-0.799277
1420.489844,0.510847,0.618452,-1.561000
1420.491016,0.509334,0.605514,-0.576163
1420.492188,0.518111,0.603893,0.322484
1420.493359,0.532029,0.622183,-0.055670
1420.494531,0.536007,0.625563,-0.003975
1420.495703,0.526925,0.618932,-0.215850
1420.496875,0.523957,0.619622,-0.531664
1420.498047,0.532379,0.622680,-0.068417
1420.499219,0.541105,0.628245,0.205045
1420.500391,0.555725,0.633716,0.997127
1420.501562,0.561271,0.627046,2.057439
1420.502734,0.548629,0.631982,0.532646
1420.503906,0.541963,0.652275,-1.793960
1420.505078,0.550931,0.659576,-1.650433
1420.506250,0.558332,0.660401,-1.084070
1420.507422,0.564327,0.653777,0.005208
1420.508594,0.573773,0.645334,1.554855
1420.509766,0.581676,0.641391,2.584579
1420.510937,0.577377,0.649536,1.502954
1420.512109,0.575480,0.655756,0.799095
1420.513281,0.574961,0.662657,0.156799
1420.514453,0.578975,0.677283,-0.759781
1420.515625,0.585966,0.681522,-0.522275
1420.516797,0.585277,0.683866,-0.783949
1420.517969,0.590577,0.688161,-0.697258
1420.519141,0.609288,0.693484,0.459729
1420.520313,0.605224,0.687485,0.627196
1420.521484,0.591461,0.671451,0.823903
1420.522656,0.598098,0.667520,1.740643
1420.523828,0.609340,0.688960,0.855998
1420.525000,0.617729,0.690964,1.409660
1420.526172,0.625633,0.681279,2.938908
1420.527344,0.642750,0.693702,3.348015
1420.528516,0.661366,0.703384,4.128081
1420.529687,0.660608,0.700674,4.298700
1420.530859,0.658996,0.709651,3.373988
1420.532031,0.662246,0.722941,2.499258
1420.533203,0.672186,0.715815,3.987364
1420.534375,0.696826,0.710792,6.587705
1420.535547,0.706578,0.727421,5.983284
1420.536719,0.699340,0.731230,5.014370
1420.537891,0.704171,0.727149,5.795738
1420.539062,0.708063,0.731144,5.786737
1420.540234,0.727826,0.736096,7.089101
1420.541406,0.738166,0.738068,7.826838
1420.542578,0.748936,0.735868,8.973225
1420.543750,0.772032,0.739852,10.668546
1420.544922,0.777869,0.748737,10.397711
1420.546094,0.784618,0.765620,9.498446
1420.547266,0.797161,0.756229,11.447424
1420.548437,0.797016,0.743279,12.589836
1420.549609,0.806966,0.747748,13.079879
1420.550781,0.829605,0.761032,13.917602
1420.551953,0.845181,0.766817,14.796444
1420.553125,0.851667,0.762673,15.752726
1420.554297,0.855962,0.760741,16.313995
1420.555469,0.860264,0.774197,15.489110
1420.556641,0.868965,0.790737,14.784108
1420.557812,0.879826,0.793634,15.500395
1420.558984,0.891727,0.785191,17.336021
1420.560156,0.905491,0.773154,19.676310
1420.561328,0.922467,0.776804,20.890589
1420.562500,0.926612,0.785215,20.501514
1420.563672,0.933140,0.794961,20.208157
1420.564844,0.933447,0.793671,20.353716
1420.566016,0.934298,0.790246,20.743567
1420.567188,0.948443,0.794651,21.633099
1420.568359,0.960351,0.797680,22.445740
1420.569531,0.971488,0.806233,22.682583
1420.570703,0.977039,0.808456,22.987684
1420.571875,0.968939,0.809476,22.151970
1420.573047,0.967065,0.819610,21.054195
1420.574219,0.972227,0.819867,21.502113
1420.575391,0.970869,0.817723,21.574026
1420.576562,0.960173,0.818261,20.548435
1420.577734,0.949185,0.810890,20.218756
1420.578906,0.945241,0.807284,20.187963
1420.580078,0.941830,0.815514,19.128929
1420.581250,0.926800,0.824277,16.973217
1420.582422,0.917875,0.828904,15.750624
1420.583594,0.915098,0.829498,15.447078
1420.584766,0.902472,0.828238,14.425508
1420.585938,0.889086,0.833428,12.761437
1420.587109,0.895869,0.832383,13.461824
1420.588281,0.889676,0.830170,13.105646
1420.589453,0.890048,0.842292,12.055842
1420.590625,0.889279,0.855074,10.848554
1420.591797,0.869642,0.856754,8.957234
1420.592969,0.863723,0.860197,8.129517
1420.594141,0.854610,0.861195,7.237539
1420.595312,0.844237,0.859391,6.483218
1420.596484,0.850460,0.862288,6.775800
1420.597656,0.855094,0.854499,7.870743
1420.598828,0.863195,0.851593,8.843427
1420.600000,0.860342,0.859008,7.935985
1420.601172,0.842121,0.857019,6.505697
1420.602344,0.828061,0.858012,5.184213
1420.603516,0.833383,0.869283,4.663171
1420.604687,0.829026,0.874390,3.835750
1420.605859,0.823853,0.879927,2.901672
1420.607031,0.828857,0.888535,2.587800
1420.608203,0.830162,0.883711,3.121634
1420.609375,0.835731,0.877733,4.129497
1420.610547,0.846286,0.882084,4.672080
1420.611719,0.848710,0.890580,4.141033
1420.612891,0.851141,0.896656,3.822661
1420.614063,0.854471,0.898670,3.937587
1420.615234,0.850860,0.906225,2.963464
1420.616406,0.856144,0.908936,3.187652
1420.617578,0.856817,0.902068,3.845687
1420.618750,0.851579,0.897455,3.791068
1420.619922,0.847133,0.903374,2.887053
1420.621094,0.849154,0.915386,2.017736
1420.622266,0.849022,0.917649,1.809653
1420.623437,0.850034,0.927504,1.042311
1420.624609,0.851609,0.933429,0.665482
1420.625781,0.845019,0.929636,0.423248
1420.626953,0.842599,0.932404,-0.025494
1420.628125,0.859088,0.932859,1.363151
1420.629297,0.861751,0.929912,1.850132
1420.630469,0.855112,0.915982,2.484067
1420.631641,0.873622,0.918505,3.877737
1420.632812,0.877006,0.939870,2.310615
1420.633984,0.876342,0.940737,2.177437
1420.635156,0.864395,0.933526,1.765885
1420.636328,0.866813,0.933978,1.936664
1420.637500,0.882453,0.937136,3.022858
1420.638672,0.897686,0.955302,2.767352
1420.639844,0.899303,0.968299,1.777581
1420.641016,0.875609,0.968551,-0.296579
1420.642187,0.864990,0.958988,-0.387794
1420.643359,0.872593,0.959408,0.233028
1420.644531,0.888080,0.960912,1.444543
1420.645703,0.899672,0.959509,2.573980
1420.646875,0.897156,0.963788,1.983060
1420.648047,0.903233,0.972624,1.743292
1420.649219,0.906818,0.969149,2.357011
1420.650391,0.890778,0.955380,2.159436
1420.651562,0.890627,0.967449,1.098552
1420.652734,0.905098,0.977957,1.442258
1420.653906,0.903325,0.981401,0.989725
1420.655078,0.895968,0.988707,-0.279013
1420.656250,0.900152,0.989346,0.027344
1420.657422,0.904682,0.981762,1.076051
1420.658594,0.905195,0.982203,1.082311
1420.659766,0.898760,0.999343,-0.955962
1420.660938,0.902349,1.002466,-0.915757
1420.662109,0.903666,1.001541,-0.722408
1420.663281,0.906642,0.999940,-0.327259
1420.664453,0.912601,0.994647,0.645836
1420.665625,0.917863,0.998570,0.761814
1420.666797,0.910186,1.013256,-1.170350
1420.667969,0.913108,1.015764,-1.134714
1420.669141,0.925929,1.008903,0.565495
1420.670312,0.932117,1.004358,1.495804
1420.671484,0.933439,1.004084,1.634374
1420.672656,0.936906,1.011268,1.311844
1420.673828,0.935302,1.026980,-0.187295
1420.675000,0.934932,1.029868,-0.468729
1420.676172,0.934609,1.035566,-0.988240
1420.677344,0.934610,1.033583,-0.817164
1420.678516,0.935542,1.020972,0.352935
1420.679688,0.943754,1.022672,0.916831
1420.680859,0.943220,1.024203,0.737874
1420.682031,0.945603,1.033331,0.154149
1420.683203,0.954586,1.039057,0.435812
1420.684375,0.943926,1.033475,-0.003335
1420.685547,0.937155,1.035458,-0.759301
1420.686719,0.943419,1.034957,-0.175257
1420.687891,0.939703,1.030697,-0.128222
1420.689062,0.954027,1.035885,0.662078
1420.690234,0.957728,1.044804,0.210504
1420.691406,0.954559,1.042106,0.169751
1420.692578,0.955547,1.040277,0.413448
1420.693750,0.959109,1.046401,0.191773
1420.694922,0.957128,1.057034,-0.897619
1420.696094,0.966460,1.051142,0.417605
1420.697266,0.975336,1.044698,1.745874
1420.698437,0.974075,1.051591,1.038359
1420.699609,0.964166,1.042572,0.961193
1420.700781,0.958837,1.044991,0.290229
1420.701953,0.959615,1.054342,-0.450729
1420.703125,0.946972,1.069131,-2.811805
1420.704297,0.946083,1.078267,-3.671002
1420.705469,0.956182,1.072718,-2.329073
1420.706641,0.973779,1.054855,0.729855
1420.707813,0.984391,1.051250,1.963231
1420.708984,0.987464,1.051931,2.171177
1420.710156,0.986091,1.061615,1.211058
1420.711328,0.989001,1.069327,0.794754
1420.712500,0.983280,1.071744,0.090415
1420.713672,0.983908,1.078719,-0.457902
1420.714844,0.979135,1.070840,-0.189694
1420.716016,0.987054,1.070358,0.536849
1420.717187,0.990994,1.076941,0.308161
1420.718359,0.982252,1.070877,0.076549
1420.719531,0.984374,1.072613,0.109901
1420.720703,0.986127,1.078690,-0.263776
1420.721875,0.979757,1.082716,-1.160801
1420.723047,0.970898,1.069006,-0.742465
1420.724219,0.963708,1.065199,-1.034293
1420.725391,0.981998,1.068975,0.219071
1420.726562,0.984280,1.067097,0.579064
1420.727734,0.978689,1.060262,0.686704
1420.728906,0.974622,1.067145,-0.260395
1420.730078,0.982865,1.070489,0.163058
1420.731250,0.994273,1.084422,-0.055213
1420.732422,0.992363,1.086364,-0.387954
1420.733594,0.984838,1.076832,-0.214616
1420.734766,0.981137,1.079139,-0.733305
1420.735937,0.985273,1.078624,-0.331873
1420.737109,0.983205,1.077919,-0.449541
1420.738281,0.978295,1.072664,-0.419798
1420.739453,0.975749,1.070014,-0.410821
1420.740625,0.979018,1.071051,-0.217997
1420.741797,0.983173,1.068655,0.348389
1420.742969,0.990199,1.073526,0.534953
1420.744141,0.991749,1.075212,0.523097
1420.745312,0.981247,1.069444,0.113556
1420.746484,0.980466,1.070322,-0.029880
1420.747656,0.989087,1.072637,0.515650
1420.748828,0.978291,1.060537,0.628452
1420.750000,0.970574,1.063434,-0.289452
1420.751172,0.977100,1.067079,-0.040548
1420.752344,0.979109,1.067028,0.137542
1420.753516,0.972950,1.067036,-0.395356
1420.754688,0.975236,1.067779,-0.262108
1420.755859,0.970451,1.070094,-0.874936
1420.757031,0.966858,1.069643,-1.145839
1420.758203,0.965342,1.065586,-0.926722
1420.759375,0.970556,1.069483,-0.813166
1420.760547,0.968393,1.070496,-1.087085
1420.761719,0.965736,1.063475,-0.710690
1420.762891,0.961394,1.057461,-0.566386
1420.764062,0.960736,1.052306,-0.177998
1420.765234,0.956768,1.057272,-0.949132
1420.766406,0.948610,1.064192,-2.247018
1420.767578,0.956892,1.067931,-1.856529
1420.768750,0.966536,1.056579,-0.045984
1420.769922,0.968164,1.043754,1.205347
1420.771094,0.967512,1.040871,1.398855
1420.772266,0.964184,1.039277,1.248407
1420.773438,0.962999,1.041898,0.918384
1420.774609,0.965057,1.035414,1.659410
1420.775781,0.956822,1.023775,1.955053
1420.776953,0.949003,1.029285,0.798638
1420.778125,0.950269,1.036177,0.311542
1420.779297,0.948657,1.035625,0.219802
1420.780469,0.948315,1.025165,1.096085
1420.781641,0.941764,1.037979,-0.579179
1420.782812,0.933396,1.038386,-1.335761
1420.783984,0.925606,1.031608,-1.422978
1420.785156,0.929861,1.025664,-0.543611
1420.786328,0.930214,1.017078,0.228871
1420.787500,0.929710,1.014395,0.417400
1420.788672,0.924344,1.004537,0.806245
1420.789844,0.918151,1.008718,-0.091375
1420.791016,0.914822,1.012650,-0.718319
1420.792187,0.916177,1.012403,-0.580092
1420.793359,0.913009,1.017527,-1.295077
1420.794531,0.901445,1.016595,-2.209920
1420.795703,0.903185,1.017342,-2.124622
1420.796875,0.910616,1.004813,-0.404950
1420.798047,0.901130,0.989706,0.080844
1420.799219,0.901200,0.996197,-0.474029
1420.800391,0.903797,0.998827,-0.476885
1420.801563,0.891927,0.985371,-0.339914
1420.802734,0.885605,0.988886,-1.188625
1420.803906,0.880330,1.000795,-2.666474
1420.805078,0.885252,1.005317,-2.632071
1420.806250,0.916800,1.023114,-1.449888
1420.807422,0.967965,1.047417,0.870504
1420.808594,0.923789,1.014177,-0.075932
1420.809766,0.868495,0.977578,-1.688239
1420.810937,0.855905,0.962781,-1.498203
1420.812109,0.859987,0.958868,-0.809192
1420.813281,0.862316,0.944497,0.634118
1420.814453,0.865718,0.938758,1.426519
1420.815625,0.876578,0.941653,2.118294
1420.816797,0.881670,0.941737,2.553923
1420.817969,0.870630,0.948397,1.016567
1420.819141,0.858914,0.946512,0.165343
1420.820312,0.864296,0.929847,2.077016
1420.821484,0.861371,0.909553,3.589815
1420.822656,0.848763,0.915407,1.981872
1420.823828,0.838577,0.931575,-0.301354
1420.825000,0.828595,0.922727,-0.399262
1420.826172,0.831198,0.921605,-0.077509
1420.827344,0.817597,0.916244,-0.789043
1420.828516,0.799215,0.901098,-1.068033
1420.829687,0.805722,0.898733,-0.302496
1420.830859,0.809582,0.899680,-0.050804
1420.832031,0.799262,0.897915,-0.789477
1420.833203,0.784706,0.887540,-1.150042
1420.834375,0.782648,0.881776,-0.830528
1420.835547,0.783242,0.878097,-0.461671
1420.836719,0.779948,0.867006,0.212081
1420.837891,0.774397,0.859670,0.366481
1420.839062,0.766176,0.863904,-0.709776
1420.840234,0.756850,0.864287,-1.546517
1420.841406,0.748532,0.852443,-1.242879
1420.842578,0.745855,0.851957,-1.431590
1420.843750,0.751550,0.859554,-1.595334
1420.844922,0.750599,0.836938,0.274261
1420.846094,0.739130,0.818879,0.844782
1420.847266,0.731560,0.815499,0.481933
1420.848438,0.731264,0.808559,1.057502
1420.849609,0.718572,0.803509,0.395561
1420.850781,0.702497,0.792902,-0.077349
1420.851953,0.702637,0.784916,0.625688
1420.853125,0.708439,0.787191,0.931200
1420.854297,0.697529,0.788146,-0.095669
1420.855469,0.689306,0.782256,-0.297219
1420.856641,0.680052,0.780228,-0.920897
1420.857812,0.659306,0.777327,-2.456563
1420.858984,0.657515,0.760056,-1.124846
1420.860156,0.661772,0.748440,0.245775
1420.861328,0.652858,0.739254,0.269304
1420.862500,0.642691,0.732772,-0.049319
1420.863672,0.641223,0.732986,-0.194697
1420.864844,0.644594,0.732494,0.139209
1420.866016,0.640553,0.722940,0.616277
1420.867188,0.633098,0.711512,0.960440
1420.868359,0.613111,0.707845,-0.451300
1420.869531,0.609495,0.706599,-0.655956
1420.870703,0.602122,0.695259,-0.313347
1420.871875,0.593035,0.684029,-0.128290
1420.873047,0.588198,0.678940,-0.106429
1420.874219,0.572597,0.671486,-0.809854
1420.875391,0.554676,0.670175,-2.239960
1420.876562,0.541273,0.659846,-2.503987
1420.877734,0.539155,0.656354,-2.386045
1420.878906,0.538790,0.649310,-1.811846
1420.880078,0.543161,0.635605,-0.253496
1420.881250,0.542800,0.620220,1.046674
1420.882422,0.526287,0.608081,0.667675
1420.883594,0.517244,0.598788,0.689308
1420.884766,0.504166,0.593386,0.025128
1420.885937,0.492047,0.580548,0.087240
1420.887109,0.496674,0.581637,0.393322
1420.888281,0.492514,0.579659,0.204588
1420.889453,0.476845,0.578290,-1.030295
1420.890625,0.461415,0.568864,-1.547499
1420.891797,0.461133,0.562364,-1.011792
1420.892969,0.454477,0.560890,-1.458340
1420.894141,0.443167,0.552527,-1.712065
1420.895313,0.439446,0.541268,-1.062825
1420.896484,0.429765,0.528933,-0.833977
1420.897656,0.410581,0.518141,-1.557048
1420.898828,0.403408,0.506117,-1.139306
1420.900000,0.406505,0.488522,0.648304
1420.901172,0.405333,0.481047,1.194610
1420.902344,0.378062,0.475164,-0.655705
1420.903516,0.353351,0.473924,-2.675657
1420.904687,0.340066,0.478311,-4.189439
1420.905859,0.337300,0.465009,-3.287708
1420.907031,0.333819,0.444865,-1.857031
1420.908203,0.333077,0.428561,-0.516039
1420.909375,0.323941,0.419679,-0.537991
1420.910547,0.311392,0.410630,-0.839939
1420.911719,0.304160,0.395076,-0.121506
1420.912891,0.281930,0.385339,-1.199590
1420.914062,0.273302,0.377626,-1.278401
1420.915234,0.274002,0.365329,-0.157005
1420.916406,0.260854,0.360462,-0.871852
1420.917578,0.247374,0.361002,-2.079140
1420.918750,0.229643,0.349177,-2.586475
1420.919922,0.216460,0.322673,-1.441093
1420.921094,0.211189,0.311189,-0.905729
1420.922266,0.216667,0.308717,-0.219482
1420.923437,0.210901,0.302937,-0.218248
1420.924609,0.201232,0.283824,0.598504
1420.925781,0.190032,0.261024,1.604266
1420.926953,0.175029,0.259146,0.466468
1420.928125,0.162048,0.260716,-0.790780
1420.929297,0.143005,0.251208,-1.612444
1420.930469,0.132109,0.228772,-0.617853
1420.931641,0.125219,0.213972,0.065516
1420.932812,0.113166,0.205778,-0.268048
1420.933984,0.105546,0.185383,0.837152
1420.935156,0.100582,0.171463,1.613883
1420.936328,0.083793,0.173507,-0.017590
1420.937500,0.070532,0.167881,-0.676972
1420.938672,0.062002,0.144528,0.604261
1420.939844,0.047162,0.140597,-0.339092
1420.941016,0.034525,0.135008,-0.947419
1420.942188,0.020657,0.118208,-0.694448
1420.943359,0.003939,0.096594,-0.271726
1420.944531,-0.008310,0.082309,-0.095852
1420.945703,-0.010860,0.079275,-0.053980
1420.946875,-0.025971,0.085797,-1.919212
1420.948047,-0.054710,0.074695,-3.432925
1420.949219,-0.061670,0.044224,-1.413658
1420.950391,-0.059187,0.027267,0.264256
1420.951562,-0.068177,0.021754,-0.036367
1420.952734,-0.082541,0.012588,-0.485337
1420.953906,-0.100473,-0.006900,-0.351039
1420.955078,-0.114330,-0.027114,0.198420
1420.956250,-0.131963,-0.026007,-1.418981
1420.957422,-0.146490,-0.031298,-2.213530
1420.958594,-0.152703,-0.051421,-1.016201
1420.959766,-0.165233,-0.069983,-0.495822
1420.960938,-0.187065,-0.078268,-1.663568
1420.962109,-0.208523,-0.087157,-2.743754
1420.963281,-0.204585,-0.096687,-1.586151
1420.964453,-0.212875,-0.121975,-0.120135
1420.965625,-0.239911,-0.154591,0.362461
1420.966797,-0.261363,-0.165850,-0.518574
1420.967969,-0.268679,-0.170608,-0.739358
1420.969141,-0.279395,-0.174346,-1.340878
1420.970312,-0.287206,-0.186301,-0.983717
1420.971484,-0.303385,-0.212193,-0.145331
1420.972656,-0.323369,-0.228863,-0.431654
1420.973828,-0.329284,-0.226612,-1.136107
1420.975000,-0.331347,-0.237345,-0.388137
1420.976172,-0.337657,-0.262013,1.200595
1420.977344,-0.354624,-0.278285,1.140356
1420.978516,-0.372695,-0.288662,0.473778
1420.979687,-0.397146,-0.292400,-1.314722
1420.980859,-0.418145,-0.318714,-0.856661
1420.982031,-0.428085,-0.348139,0.827695
1420.983203,-0.440575,-0.353432,0.204657
1420.984375,-0.462146,-0.359165,-1.162766
1420.985547,-0.472561,-0.377080,-0.515787
1420.986719,-0.479467,-0.386250,-0.320246
1420.987891,-0.499776,-0.396739,-1.167563
1420.989063,-0.516762,-0.417611,-0.832515
1420.990234,-0.534775,-0.441062,-0.363169
1420.991406,-0.555877,-0.464977,-0.120066
1420.992578,-0.585974,-0.475896,-1.773812
1420.993750,-0.594082,-0.472825,-2.734365
1420.994922,-0.592833,-0.475422,-2.404183
1420.996094,-0.616541,-0.498280,-2.477214
1420.997266,-0.638310,-0.526077,-1.959188
1420.998437,-0.647779,-0.546115,-1.049187
1420.999609,-0.648921,-0.557300,-0.182452
1421.000781,-0.660086,-0.564291,-0.542903
1421.001953,-0.677945,-0.589611,0.101677
1421.003125,-0.700720,-0.615942,0.409336
1421.004297,-0.725329,-0.623969,-1.022986
1421.005469,-0.741315,-0.636084,-1.356549
1421.006641,-0.757012,-0.652206,-1.319885
1421.007812,-0.777317,-0.666372,-1.848373
1421.008984,-0.804276,-0.679478,-3.038141
1421.010156,-0.819439,-0.696590,-2.871039
1421.011328,-0.820933,-0.712038,-1.671997
1421.012500,-0.828253,-0.735766,-0.257220
1421.013672,-0.840546,-0.746358,-0.404150
1421.014844,-0.859737,-0.754607,-1.347823
1421.016016,-0.884331,-0.783466,-0.980359
1421.017187,-0.887590,-0.815663,1.523102
1421.018359,-0.897674,-0.825682,1.517506
1421.019531,-0.930974,-0.836957,-0.389439
1421.020703,-0.961188,-0.860748,-0.943695
1421.021875,-0.975449,-0.879192,-0.582788
1421.023047,-0.975202,-0.886226,0.046213
1421.024219,-0.992002,-0.905227,0.236546
1421.025391,-1.028558,-0.932901,-0.530978
1421.026562,-1.048458,-0.957516,-0.123699
1421.027734,-1.062735,-0.963837,-0.810631
1421.028906,-1.076421,-0.975109,-1.018805
1421.030078,-1.090374,-0.987766,-1.130625
1421.031250,-1.105731,-0.998447,-1.533336
1421.032422,-1.126178,-1.032818,-0.332718
1421.033594,-1.149314,-1.045789,-1.209573
1421.034766,-1.173538,-1.048204,-3.084056
1421.035938,-1.176924,-1.070326,-1.474285
1421.037109,-1.180926,-1.093548,0.184326
1421.038281,-1.208708,-1.113374,-0.503132
1421.039453,-1.237497,-1.142031,-0.514508
1421.040625,-1.259058,-1.169105,-0.038263
1421.041797,-1.279007,-1.173250,-1.401894
1421.042969,-1.315008,-1.184511,-3.526470
1421.044141,-1.336529,-1.207788,-3.376090
1421.045312,-1.336228,-1.226543,-1.739934
1421.046484,-1.355812,-1.237571,-2.475432
1421.047656,-1.362351,-1.253108,-1.701991
1421.048828,-1.359639,-1.280939,0.935700
1421.050000,-1.370003,-1.310028,2.561896
1421.051172,-1.393302,-1.321348,1.520795
1421.052344,-1.424579,-1.338531,0.299389
1421.053516,-1.449500,-1.362575,0.223503
1421.054688,-1.462888,-1.381994,0.745549
1421.055859,-1.475686,-1.400773,1.264009
1421.057031,-1.499361,-1.424153,1.238401
1421.058203,-1.525188,-1.434163,-0.130849
1421.059375,-1.552146,-1.440049,-1.947469
1421.060547,-1.567235,-1.472341,-0.465097
1421.061719,-1.580710,-1.503610,1.074292
1421.062891,-1.609380,-1.520576,0.061084
1421.064062,-1.637058,-1.529899,-1.522668
1421.065234,-1.651296,-1.543662,-1.563467
1421.066406,-1.671426,-1.573698,-0.709776
1421.067578,-1.692327,-1.588169,-1.264055
1421.068750,-1.709826,-1.605513,-1.277510
1421.069922,-1.722368,-1.621799,-0.954774
1421.071094,-1.736385,-1.627753,-1.649405
1421.072266,-1.748030,-1.644562,-1.204638
1421.073437,-1.775486,-1.666921,-1.643648
1421.074609,-1.805914,-1.695945,-1.764446
1421.075781,-1.837852,-1.733969,-1.240435
1421.076953,-1.869287,-1.752805,-2.324413
1421.078125,-1.879210,-1.759414,-2.608999
1421.079297,-1.879757,-1.781461,-0.758753
1421.080469,-1.892039,-1.808119,0.483578
1421.081641,-1.913816,-1.825666,0.117622
1421.082813,-1.946694,-1.849198,-0.689673
1421.083984,-1.972126,-1.866807,-1.364133
1421.085156,-1.987045,-1.881856,-1.352894
1421.086328,-1.998988,-1.909844,0.031616
1421.087500,-2.013921,-1.938356,1.207448
1421.088672,-2.044028,-1.960902,0.552360
1421.089844,-2.070764,-1.984500,0.280680
1421.091016,-2.089256,-2.009986,0.886312
1421.092187,-2.114514,-2.016537,-0.731180
1421.093359,-2.141315,-2.013556,-3.291980
1421.094531,-2.151525,-2.043165,-1.625944
1421.095703,-2.164600,-2.086455,0.983809
1421.096875,-2.194236,-2.105435,0.061335
1421.098047,-2.210346,-2.109197,-1.004802
1421.099219,-2.227943,-2.132459,-0.516061
1421.100391,-2.256317,-2.153988,-1.106525
1421.101562,-2.278384,-2.178608,-0.886426
1421.102734,-2.296426,-2.200304,-0.571115
1421.103906,-2.319670,-2.224431,-0.494977
1421.105078,-2.356054,-2.250708,-1.366486
1421.106250,-2.385227,-2.267753,-2.409620
1421.107422,-2.397236,-2.286579,-1.823634
1421.108594,-2.415040,-2.308431,-1.475245
1421.109766,-2.435548,-2.333338,-1.096200
1421.110937,-2.455306,-2.359903,-0.509003
1421.112109,-2.482159,-2.390555,-0.180945
1421.113281,-2.506690,-2.402440,-1.272027
1421.114453,-2.520559,-2.419197,-1.023077
1421.115625,-2.531977,-2.452090,0.832812
1421.116797,-2.548702,-2.476664,1.513485
1421.117969,-2.578100,-2.500793,1.056406
1421.119141,-2.603371,-2.511909,-0.168701
1421.120312,-2.625965,-2.525534,-0.942850
1421.121484,-2.642308,-2.549256,-0.306105
1421.122656,-2.665352,-2.574004,-0.158832
1421.123828,-2.701980,-2.597181,-1.319382
1421.125000,-2.732320,-2.621394,-1.846797
1421.126172,-2.749160,-2.656792,-0.246940
1421.127344,-2.757863,-2.686007,1.529270
1421.128516,-2.773230,-2.691790,0.698286
1421.129688,-2.804165,-2.696691,-1.549715
1421.130859,-2.845653,-2.717069,-3.362681
1421.132031,-2.867788,-2.752126,-2.253940
1421.133203,-2.879883,-2.787659,-0.234513
1421.134375,-2.910943,-2.815158,-0.541966
1421.135547,-2.940755,-2.834206,-1.470105
1421.136719,-2.953976,-2.856246,-0.709890
1421.137891,-2.966425,-2.883809,0.596448
1421.139062,-2.983154,-2.908239,1.263849
1421.140234,-3.013788,-2.931975,0.666053
1421.141406,-3.039384,-2.954908,0.435515
1421.142578,-3.065604,-2.971333,-0.411346
1421.143750,-3.092553,-2.992904,-0.875438
1421.144922,-3.115533,-3.027498,0.127559
1421.146094,-3.135094,-3.057986,1.073676
1421.147266,-3.154690,-3.076207,0.954500
1421.148438,-3.179852,-3.087755,-0.223503
1421.149609,-3.201941,-3.114428,0.172675
1421.150781,-3.214995,-3.142967,1.514307
1421.151953,-3.239875,-3.163817,1.164708
1421.153125,-3.271646,-3.179448,-0.232320
1421.154297,-3.306243,-3.201863,-1.283312
1421.155469,-3.337101,-3.239081,-0.734858
1421.156641,-3.356298,-3.265673,-0.096332
1421.157812,-3.383673,-3.293529,-0.054802
1421.158984,-3.410528,-3.324257,0.280155
1421.160156,-3.428033,-3.342200,0.318075
1421.161328,-3.450048,-3.357227,-0.286094
1421.162500,-3.477984,-3.373551,-1.287767
1421.163672,-3.514256,-3.397813,-2.321078
1421.164844,-3.546233,-3.428011,-2.473902
1421.166016,-3.563533,-3.456324,-1.526940
1421.167187,-3.574168,-3.480657,-0.345693
1421.168359,-3.595277,-3.506376,0.052678
1421.169531,-3.620956,-3.534950,0.303067
1421.170703,-3.645320,-3.563889,0.699085
1421.171875,-3.675380,-3.591732,0.507130
1421.173047,-3.704135,-3.607519,-0.613764
1421.174219,-3.724411,-3.628005,-0.595626
1421.175391,-3.751537,-3.664752,0.235678
1421.176563,-3.784399,-3.689697,-0.448536
1421.177734,-3.811627,-3.715501,-0.571457
1421.178906,-3.835919,-3.738835,-0.654174
1421.180078,-3.860303,-3.768908,-0.162875
1421.181250,-3.893296,-3.795785,-0.690976
1421.182422,-3.914964,-3.824498,-0.082671
1421.183594,-3.929480,-3.846421,0.558140
1421.184766,-3.957049,-3.864667,-0.248151
1421.185937,-3.990541,-3.899103,-0.166622
1421.187109,-4.024196,-3.925373,-0.804189
1421.188281,-4.049748,-3.951943,-0.716401
1421.189453,-4.072128,-3.993128,0.909635
1421.190625,-4.092926,-4.015640,1.058256
1421.191797,-4.114436,-4.032825,0.683483
1421.192969,-4.138871,-4.064967,1.351546
1421.194141,-4.170999,-4.091491,0.865684
1421.195312,-4.193912,-4.112123,0.668109
1421.196484,-4.213239,-4.135976,1.060221
1421.197656,-4.247915,-4.163412,0.433070
1421.198828,-4.284477,-4.198329,0.290800
